Train step=100, hour=0, Loss = 9.671430587768555
Train step=200, hour=0, Loss = 9.151422500610352
Train step=300, hour=0, Loss = 9.359418869018555
Train step=400, hour=0, Loss = 9.520694732666016
Train step=500, hour=0, Loss = 9.092939376831055
Train step=600, hour=0, Loss = 9.470857620239258
Train step=700, hour=0, Loss = 9.189796447753906
Train step=800, hour=0, Loss = 8.625995635986328
Train step=900, hour=0, Loss = 8.900337219238281
Train step=1000, hour=0, Loss = 8.790009498596191
Train step=1100, hour=0, Loss = 9.497272491455078
Train step=1200, hour=0, Loss = 9.050262451171875
Train step=1300, hour=0, Loss = 8.222843170166016
Train step=1400, hour=0, Loss = 7.714352130889893
Train step=1500, hour=1, Loss = 9.598846435546875
Train step=1600, hour=1, Loss = 9.380751609802246
Train step=1700, hour=1, Loss = 9.090757369995117
Train step=1800, hour=1, Loss = 8.326108932495117
Train step=1900, hour=1, Loss = 8.937483787536621
Train step=2000, hour=1, Loss = 9.021108627319336
Train step=2100, hour=1, Loss = 8.103375434875488
Train step=2200, hour=1, Loss = 6.619318962097168
Train step=2300, hour=1, Loss = 7.632491111755371
Train step=2400, hour=1, Loss = 7.918034076690674
Train step=2500, hour=1, Loss = 7.495206832885742
Train step=2600, hour=1, Loss = 7.693947792053223
Train step=2700, hour=1, Loss = 8.783553123474121
Train step=2800, hour=1, Loss = 8.420429229736328
Train step=2900, hour=2, Loss = 9.780386924743652
Train step=3000, hour=2, Loss = 9.91610336303711
Train step=3100, hour=2, Loss = 8.732179641723633
Train step=3200, hour=2, Loss = 9.019523620605469
Train step=3300, hour=2, Loss = 8.628586769104004
Train step=3400, hour=2, Loss = 9.632394790649414
Train step=3500, hour=2, Loss = 9.8681640625
Train step=3600, hour=2, Loss = 8.636878967285156
Train step=3700, hour=2, Loss = 8.103261947631836
Train step=3800, hour=2, Loss = 8.860130310058594
Train step=3900, hour=2, Loss = 8.849786758422852
Train step=4000, hour=2, Loss = 9.07443904876709
Train step=4100, hour=2, Loss = 8.366842269897461
Train step=4200, hour=2, Loss = 7.047540664672852
Train step=4300, hour=2, Loss = 9.590582847595215
Train step=4400, hour=3, Loss = 9.721213340759277
Train step=4500, hour=3, Loss = 9.085592269897461
Train step=4600, hour=3, Loss = 10.045159339904785
Train step=4700, hour=3, Loss = 9.520872116088867
Train step=4800, hour=3, Loss = 8.659269332885742
Train step=4900, hour=3, Loss = 9.144340515136719
Train step=5000, hour=3, Loss = 9.38089656829834
Train step=5100, hour=3, Loss = 9.704883575439453
Train step=5200, hour=3, Loss = 9.466813087463379
Train step=5300, hour=3, Loss = 9.02869701385498
Train step=5400, hour=3, Loss = 9.112909317016602
Train step=5500, hour=3, Loss = 9.017699241638184
Train step=5600, hour=3, Loss = 8.077363967895508
Train step=5700, hour=3, Loss = 8.599593162536621
Train step=5800, hour=4, Loss = 9.146080017089844
Train step=5900, hour=4, Loss = 8.572697639465332
Train step=6000, hour=4, Loss = 9.913222312927246
Train step=6100, hour=4, Loss = 9.801294326782227
Train step=6200, hour=4, Loss = 8.946014404296875
Train step=6300, hour=4, Loss = 9.310232162475586
Train step=6400, hour=4, Loss = 9.838235855102539
Train step=6500, hour=4, Loss = 10.871114730834961
Train step=6600, hour=4, Loss = 9.961567878723145
Train step=6700, hour=4, Loss = 8.225107192993164
Train step=6800, hour=4, Loss = 9.640193939208984
Train step=6900, hour=5, Loss = 9.858076095581055
Train step=7000, hour=5, Loss = 8.903360366821289
Train step=7100, hour=5, Loss = 8.486810684204102
Train step=7200, hour=5, Loss = 6.17596435546875
Train step=7300, hour=5, Loss = 9.131270408630371
Train step=7400, hour=5, Loss = 9.727092742919922
Train step=7500, hour=5, Loss = 5.948604583740234
Train step=7600, hour=5, Loss = 8.60945987701416
Train step=7700, hour=5, Loss = 8.868978500366211
Train step=7800, hour=5, Loss = 6.998657703399658
Train step=7900, hour=5, Loss = 7.369114875793457
Train step=8000, hour=5, Loss = 6.34864616394043
Train step=8100, hour=5, Loss = 7.664331912994385
Train step=8200, hour=5, Loss = 9.885116577148438
Train step=8300, hour=6, Loss = 9.615497589111328
Train step=8400, hour=6, Loss = 8.742880821228027
Train step=8500, hour=6, Loss = 8.025171279907227
Train step=8600, hour=6, Loss = 8.578144073486328
Train step=8700, hour=6, Loss = 2.9265480041503906
Train step=8800, hour=6, Loss = 9.10344123840332
Train step=8900, hour=6, Loss = 9.099483489990234
Train step=9000, hour=6, Loss = 8.323271751403809
Train step=9100, hour=6, Loss = 8.634936332702637
Train step=9200, hour=6, Loss = 47.101783752441406
Train step=9300, hour=6, Loss = 8.858495712280273
Train step=9400, hour=6, Loss = 9.413503646850586
Train step=9500, hour=6, Loss = 8.409883499145508
Train step=9600, hour=6, Loss = 9.859275817871094
Train step=9700, hour=6, Loss = 1.8378442525863647
Train step=9800, hour=7, Loss = 9.47376823425293
Train step=9900, hour=7, Loss = 7.7385149002075195
Train step=10000, hour=7, Loss = 5.557879447937012
Train step=10100, hour=7, Loss = 6.992198944091797
Train step=10200, hour=7, Loss = 7.2834248542785645
Train step=10300, hour=7, Loss = 3.186943531036377
Train step=10400, hour=7, Loss = 5.371240615844727
Train step=10500, hour=7, Loss = 8.114768981933594
Train step=10600, hour=7, Loss = 6.109914779663086
Train step=10700, hour=7, Loss = 5.553147315979004
Train step=10800, hour=8, Loss = 9.891114234924316
Train step=10900, hour=8, Loss = 6.578757286071777
Train step=11000, hour=8, Loss = 8.245887756347656
Train step=11100, hour=8, Loss = 5.551589012145996
Train step=11200, hour=8, Loss = 8.295589447021484
Train step=11300, hour=8, Loss = 6.940744400024414
Train step=11400, hour=8, Loss = 6.545608043670654
Train step=11500, hour=8, Loss = 4.776060104370117
Train step=11600, hour=8, Loss = 4.4774065017700195
Train step=11700, hour=8, Loss = 4.487427234649658
Train step=11800, hour=8, Loss = 5.902036666870117
Train step=11900, hour=8, Loss = 8.350790023803711
Train step=12000, hour=8, Loss = 4.141557216644287
Train step=12100, hour=8, Loss = 6.358266830444336
Train step=12200, hour=9, Loss = 8.988229751586914
Train step=12300, hour=9, Loss = 7.476672172546387
Train step=12400, hour=9, Loss = 8.127097129821777
Train step=12500, hour=9, Loss = 7.652185916900635
Train step=12600, hour=9, Loss = 7.053529739379883
Train step=12700, hour=9, Loss = 9.182961463928223
Train step=12800, hour=9, Loss = 6.677446365356445
Train step=12900, hour=9, Loss = 6.83411979675293
Train step=13000, hour=9, Loss = 6.639394760131836
Train step=13100, hour=9, Loss = 8.950946807861328
Train step=13200, hour=9, Loss = 7.0717973709106445
Train step=13300, hour=9, Loss = 7.025375843048096
Train step=13400, hour=9, Loss = 6.405201435089111
Train step=13500, hour=9, Loss = 3.6961545944213867
Train step=13600, hour=9, Loss = 7.777213096618652
Train step=13700, hour=10, Loss = 10.230935096740723
Train step=13800, hour=10, Loss = 7.302833557128906
Train step=13900, hour=10, Loss = 8.007802963256836
Train step=14000, hour=10, Loss = 4.663087368011475
Train step=14100, hour=10, Loss = 8.048759460449219
Train step=14200, hour=10, Loss = 5.538506031036377
Train step=14300, hour=10, Loss = 5.233043193817139
Train step=14400, hour=10, Loss = 9.4700345993042
Train step=14500, hour=10, Loss = 5.7427873611450195
Train step=14600, hour=10, Loss = 5.461089134216309
Train step=14700, hour=10, Loss = 6.015663146972656
Train step=14800, hour=10, Loss = 5.4246625900268555
Train step=14900, hour=10, Loss = 6.733725070953369
Train step=15000, hour=10, Loss = 6.862583160400391
Train step=15100, hour=10, Loss = 6.270601272583008
Train step=15200, hour=11, Loss = 8.179593086242676
Train step=15300, hour=11, Loss = 7.205208778381348
Train step=15400, hour=11, Loss = 6.894811630249023
Train step=15500, hour=11, Loss = 6.7152252197265625
Train step=15600, hour=11, Loss = 6.942405700683594
Train step=15700, hour=11, Loss = 5.146518707275391
Train step=15800, hour=11, Loss = 7.349994659423828
Train step=15900, hour=11, Loss = 6.512606143951416
Train step=16000, hour=11, Loss = 5.7340474128723145
Train step=16100, hour=11, Loss = 7.017756938934326
Train step=16200, hour=11, Loss = 5.858747482299805
Train step=16300, hour=11, Loss = 4.178881645202637
Train step=16400, hour=11, Loss = 5.724071502685547
Train step=16500, hour=12, Loss = 9.224115371704102
Train step=16600, hour=12, Loss = 8.077592849731445
Train step=16700, hour=12, Loss = 6.134305953979492
Train step=16800, hour=12, Loss = 6.187341690063477
Train step=16900, hour=12, Loss = 5.616609573364258
Train step=17000, hour=12, Loss = 3.7592923641204834
Train step=17100, hour=12, Loss = 7.74495267868042
Train step=17200, hour=12, Loss = 4.273846626281738
Train step=17300, hour=12, Loss = 3.445580005645752
Train step=17400, hour=12, Loss = 5.3749098777771
Train step=17500, hour=12, Loss = 4.996490478515625
Train step=17600, hour=12, Loss = 6.27531623840332
Train step=17700, hour=12, Loss = 4.002774238586426
Train step=17800, hour=13, Loss = 9.748445510864258
Train step=17900, hour=13, Loss = 6.592576026916504
Train step=18000, hour=13, Loss = 6.958888530731201
Train step=18100, hour=13, Loss = 6.0486297607421875
Train step=18200, hour=13, Loss = 2.001746892929077
Train step=18300, hour=13, Loss = 7.541415214538574
Train step=18400, hour=13, Loss = 5.705556392669678
Train step=18500, hour=13, Loss = 5.936426162719727
Train step=18600, hour=13, Loss = 5.448084831237793
Train step=18700, hour=13, Loss = 2.5803544521331787
Train step=18800, hour=13, Loss = 3.3609626293182373
Train step=18900, hour=13, Loss = 5.125481605529785
Train step=19000, hour=13, Loss = 5.039608955383301
Train step=19100, hour=13, Loss = 6.211201190948486
Train step=19200, hour=14, Loss = 8.891362190246582
Train step=19300, hour=14, Loss = 7.807669162750244
Train step=19400, hour=14, Loss = 6.915857315063477
Train step=19500, hour=14, Loss = 7.201772689819336
Train step=19600, hour=14, Loss = 7.318436622619629
Train step=19700, hour=14, Loss = 6.284280776977539
Train step=19800, hour=14, Loss = 6.26738166809082
Train step=19900, hour=14, Loss = 4.069497108459473
Train step=20000, hour=14, Loss = 7.123467922210693
Train step=20100, hour=14, Loss = 7.867372512817383
Train step=20200, hour=14, Loss = 6.028510093688965
Train step=20300, hour=14, Loss = 6.56576681137085
Train step=20400, hour=14, Loss = 6.715814113616943
Train step=20500, hour=15, Loss = 7.792057037353516
Train step=20600, hour=15, Loss = 6.745992183685303
Train step=20700, hour=15, Loss = 7.283865451812744
Train step=20800, hour=15, Loss = 7.538747310638428
Train step=20900, hour=15, Loss = 3.4716873168945312
Train step=21000, hour=15, Loss = 7.624990463256836
Train step=21100, hour=15, Loss = 5.102787494659424
Train step=21200, hour=15, Loss = 3.7731409072875977
Train step=21300, hour=15, Loss = 6.007068634033203
Train step=21400, hour=15, Loss = 3.4658336639404297
Train step=21500, hour=15, Loss = 4.93184232711792
Train step=21600, hour=15, Loss = 6.0800347328186035
Train step=21700, hour=15, Loss = 4.163751602172852
Train step=21800, hour=15, Loss = 4.2115888595581055
Train step=21900, hour=16, Loss = 9.7383394241333
Train step=22000, hour=16, Loss = 8.750972747802734
Train step=22100, hour=16, Loss = 7.410620212554932
Train step=22200, hour=16, Loss = 8.205558776855469
Train step=22300, hour=16, Loss = 6.290055751800537
Train step=22400, hour=16, Loss = 6.271191596984863
Train step=22500, hour=16, Loss = 4.570439338684082
Train step=22600, hour=16, Loss = 4.038431167602539
Train step=22700, hour=16, Loss = 6.287398815155029
Train step=22800, hour=16, Loss = 5.99444055557251
Train step=22900, hour=16, Loss = 7.829856872558594
Train step=23000, hour=16, Loss = 5.6507344245910645
Train step=23100, hour=16, Loss = 4.276506423950195
Train step=23200, hour=16, Loss = 4.415332794189453
Train step=23300, hour=17, Loss = 9.567462921142578
Train step=23400, hour=17, Loss = 7.8349809646606445
Train step=23500, hour=17, Loss = 7.740478515625
Train step=23600, hour=17, Loss = 7.946130752563477
Train step=23700, hour=17, Loss = 6.978961944580078
Train step=23800, hour=17, Loss = 7.06450080871582
Train step=23900, hour=17, Loss = 7.895116329193115
Train step=24000, hour=17, Loss = 7.930657386779785
Train step=24100, hour=17, Loss = 7.766871452331543
Train step=24200, hour=17, Loss = 7.123434543609619
Train step=24300, hour=17, Loss = 5.50199031829834
Train step=24400, hour=17, Loss = 7.986790657043457
Train step=24500, hour=17, Loss = 7.820612907409668
Train step=24600, hour=17, Loss = 6.331624984741211
Train step=24700, hour=17, Loss = 5.6919097900390625
Train step=24800, hour=17, Loss = 6.490050315856934
Train step=24900, hour=18, Loss = 9.141119003295898
Train step=25000, hour=18, Loss = 8.586057662963867
Train step=25100, hour=18, Loss = 7.193992614746094
Train step=25200, hour=18, Loss = 8.060823440551758
Train step=25300, hour=18, Loss = 5.848807334899902
Train step=25400, hour=18, Loss = 6.565710067749023
Train step=25500, hour=18, Loss = 6.122959136962891
Train step=25600, hour=18, Loss = 7.4117817878723145
Train step=25700, hour=18, Loss = 4.51544189453125
Train step=25800, hour=18, Loss = 4.075473785400391
Train step=25900, hour=18, Loss = 4.252338409423828
Train step=26000, hour=18, Loss = 3.4433434009552
Train step=26100, hour=18, Loss = 4.9210405349731445
Train step=26200, hour=18, Loss = 7.897101402282715
Train step=26300, hour=18, Loss = 3.6928653717041016
Train step=26400, hour=19, Loss = 9.055562973022461
Train step=26500, hour=19, Loss = 7.903212547302246
Train step=26600, hour=19, Loss = 9.091747283935547
Train step=26700, hour=19, Loss = 8.794570922851562
Train step=26800, hour=19, Loss = 8.182096481323242
Train step=26900, hour=19, Loss = 5.723396301269531
Train step=27000, hour=19, Loss = 4.601284980773926
Train step=27100, hour=19, Loss = 4.651026248931885
Train step=27200, hour=19, Loss = 7.354247570037842
Train step=27300, hour=19, Loss = 6.293517112731934
Train step=27400, hour=19, Loss = 6.612181186676025
Train step=27500, hour=19, Loss = 4.986598014831543
Train step=27600, hour=19, Loss = 5.934685707092285
Train step=27700, hour=19, Loss = 6.532875061035156
Train step=27800, hour=19, Loss = 6.952047824859619
Train step=27900, hour=19, Loss = 7.374728679656982
Train step=28000, hour=20, Loss = 9.68720531463623
Train step=28100, hour=20, Loss = 8.418434143066406
Train step=28200, hour=20, Loss = 7.81586217880249
Train step=28300, hour=20, Loss = 8.022199630737305
Train step=28400, hour=20, Loss = 8.630714416503906
Train step=28500, hour=20, Loss = 7.910367965698242
Train step=28600, hour=20, Loss = 7.260331153869629
Train step=28700, hour=20, Loss = 8.102042198181152
Train step=28800, hour=20, Loss = 7.047616958618164
Train step=28900, hour=20, Loss = 7.476686000823975
Train step=29000, hour=20, Loss = 6.295347690582275
Train step=29100, hour=20, Loss = 12.28454875946045
Train step=29200, hour=20, Loss = 6.4820098876953125
Train step=29300, hour=20, Loss = 7.594447135925293
Train step=29400, hour=20, Loss = 6.296164512634277
Train step=29500, hour=20, Loss = 6.178508281707764
Train step=29600, hour=21, Loss = 9.49821662902832
Train step=29700, hour=21, Loss = 8.540864944458008
Train step=29800, hour=21, Loss = 8.343759536743164
Train step=29900, hour=21, Loss = 7.836122512817383
Train step=30000, hour=21, Loss = 7.1975297927856445
Train step=30100, hour=21, Loss = 8.730859756469727
Train step=30200, hour=21, Loss = 8.860316276550293
Train step=30300, hour=21, Loss = 6.489621162414551
Train step=30400, hour=21, Loss = 8.66018295288086
Train step=30500, hour=21, Loss = 7.544255256652832
Train step=30600, hour=21, Loss = 7.7652907371521
Train step=30700, hour=21, Loss = 6.727677345275879
Train step=30800, hour=21, Loss = 7.369653701782227
Train step=30900, hour=21, Loss = 5.599966526031494
Train step=31000, hour=21, Loss = 6.406766891479492
Train step=31100, hour=22, Loss = 9.021560668945312
Train step=31200, hour=22, Loss = 8.978656768798828
Train step=31300, hour=22, Loss = 8.446269989013672
Train step=31400, hour=22, Loss = 8.607843399047852
Train step=31500, hour=22, Loss = 8.795642852783203
Train step=31600, hour=22, Loss = 8.86500072479248
Train step=31700, hour=22, Loss = 8.346572875976562
Train step=31800, hour=22, Loss = 7.561202526092529
Train step=31900, hour=22, Loss = 7.656042575836182
Train step=32000, hour=22, Loss = 5.582863807678223
Train step=32100, hour=22, Loss = 7.542509078979492
Train step=32200, hour=22, Loss = 7.092229843139648
Train step=32300, hour=22, Loss = 8.954288482666016
Train step=32400, hour=22, Loss = 5.922212600708008
Train step=32500, hour=22, Loss = 8.778128623962402
Train step=32600, hour=22, Loss = 7.79705810546875
Train step=32700, hour=23, Loss = 9.601957321166992
Train step=32800, hour=23, Loss = 8.837972640991211
Train step=32900, hour=23, Loss = 9.011881828308105
Train step=33000, hour=23, Loss = 8.640966415405273
Train step=33100, hour=23, Loss = 9.102152824401855
Train step=33200, hour=23, Loss = 8.692946434020996
Train step=33300, hour=23, Loss = 8.248854637145996
Train step=33400, hour=23, Loss = 8.41458511352539
Train step=33500, hour=23, Loss = 8.796656608581543
Train step=33600, hour=23, Loss = 10.028886795043945
Train step=33700, hour=0, Loss = 9.11561393737793
Train step=33800, hour=0, Loss = 8.175457000732422
Train step=33900, hour=0, Loss = 9.062098503112793
Train step=34000, hour=0, Loss = 6.88578987121582
Train step=34100, hour=0, Loss = 7.765204429626465
Train step=34200, hour=0, Loss = 6.275649070739746
Train step=34300, hour=0, Loss = 7.629171848297119
Train step=34400, hour=0, Loss = 7.909771919250488
Train step=34500, hour=0, Loss = 6.070440292358398
Train step=34600, hour=0, Loss = 7.447360038757324
Train step=34700, hour=0, Loss = 8.437210083007812
Train step=34800, hour=0, Loss = 8.669502258300781
Train step=34900, hour=0, Loss = 7.904000282287598
Train step=35000, hour=0, Loss = 6.583327293395996
Train step=35100, hour=1, Loss = 8.689988136291504
Train step=35200, hour=1, Loss = 8.232259750366211
Train step=35300, hour=1, Loss = 8.551168441772461
Train step=35400, hour=1, Loss = 6.781470775604248
Train step=35500, hour=1, Loss = 8.60610580444336
Train step=35600, hour=1, Loss = 6.902552604675293
Train step=35700, hour=1, Loss = 9.301591873168945
Train step=35800, hour=1, Loss = 8.108109474182129
Train step=35900, hour=1, Loss = 8.590498924255371
Train step=36000, hour=1, Loss = 7.018963813781738
Train step=36100, hour=1, Loss = 7.532392501831055
Train step=36200, hour=1, Loss = 6.710844993591309
Train step=36300, hour=1, Loss = 7.362511157989502
Train step=36400, hour=1, Loss = 8.092962265014648
Train step=36500, hour=2, Loss = 9.964258193969727
Train step=36600, hour=2, Loss = 9.195390701293945
Train step=36700, hour=2, Loss = 6.944955348968506
Train step=36800, hour=2, Loss = 9.423666954040527
Train step=36900, hour=2, Loss = 8.734817504882812
Train step=37000, hour=2, Loss = 8.667381286621094
Train step=37100, hour=2, Loss = 10.030863761901855
Train step=37200, hour=2, Loss = 8.456790924072266
Train step=37300, hour=2, Loss = 7.633095741271973
Train step=37400, hour=2, Loss = 9.143104553222656
Train step=37500, hour=2, Loss = 8.743102073669434
Train step=37600, hour=2, Loss = 7.753424644470215
Train step=37700, hour=2, Loss = 8.555092811584473
Train step=37800, hour=2, Loss = 8.693209648132324
Train step=37900, hour=2, Loss = 8.09042739868164
Train step=38000, hour=3, Loss = 7.638240814208984
Train step=38100, hour=3, Loss = 8.001717567443848
Train step=38200, hour=3, Loss = 9.56077766418457
Train step=38300, hour=3, Loss = 9.369688034057617
Train step=38400, hour=3, Loss = 8.880144119262695
Train step=38500, hour=3, Loss = 8.461799621582031
Train step=38600, hour=3, Loss = 7.567397117614746
Train step=38700, hour=3, Loss = 8.954034805297852
Train step=38800, hour=3, Loss = 9.117862701416016
Train step=38900, hour=3, Loss = 8.475889205932617
Train step=39000, hour=3, Loss = 8.721115112304688
Train step=39100, hour=3, Loss = 9.512077331542969
Train step=39200, hour=3, Loss = 9.134668350219727
Train step=39300, hour=3, Loss = 8.193788528442383
Train step=39400, hour=4, Loss = 9.104127883911133
Train step=39500, hour=4, Loss = 8.776716232299805
Train step=39600, hour=4, Loss = 7.434564590454102
Train step=39700, hour=4, Loss = 9.39459228515625
Train step=39800, hour=4, Loss = 8.725128173828125
Train step=39900, hour=4, Loss = 8.19944953918457
Train step=40000, hour=4, Loss = 9.365636825561523
Train step=40100, hour=4, Loss = 7.070216655731201
Train step=40200, hour=4, Loss = 9.396526336669922
Train step=40300, hour=4, Loss = 8.769868850708008
Train step=40400, hour=4, Loss = 8.7313871383667
Train step=40500, hour=4, Loss = 9.391679763793945
Train step=40600, hour=5, Loss = 9.926697731018066
Train step=40700, hour=5, Loss = 9.719443321228027
Train step=40800, hour=5, Loss = 6.950660705566406
Train step=40900, hour=5, Loss = 8.592395782470703
Train step=41000, hour=5, Loss = 8.905305862426758
Train step=41100, hour=5, Loss = 8.896921157836914
Train step=41200, hour=5, Loss = 7.737645626068115
Train step=41300, hour=5, Loss = 9.385980606079102
Train step=41400, hour=5, Loss = 8.549604415893555
Train step=41500, hour=5, Loss = 9.665172576904297
Train step=41600, hour=5, Loss = 9.921396255493164
Train step=41700, hour=5, Loss = 9.170310974121094
Train step=41800, hour=5, Loss = 9.597942352294922
Train step=41900, hour=5, Loss = 8.657058715820312
Train step=42000, hour=6, Loss = 8.491909980773926
Train step=42100, hour=6, Loss = 7.024135112762451
Train step=42200, hour=6, Loss = 9.725275039672852
Train step=42300, hour=6, Loss = 7.484736442565918
Train step=42400, hour=6, Loss = 8.459695816040039
Train step=42500, hour=6, Loss = 9.518576622009277
Train step=42600, hour=6, Loss = 7.100664138793945
Train step=42700, hour=6, Loss = 9.045108795166016
Train step=42800, hour=6, Loss = 9.572818756103516
Train step=42900, hour=6, Loss = 9.85137939453125
Train step=43000, hour=6, Loss = 6.292454719543457
Train step=43100, hour=6, Loss = 9.570758819580078
Train step=43200, hour=6, Loss = 8.389179229736328
Train step=43300, hour=6, Loss = 6.042768955230713
Train step=43400, hour=6, Loss = 9.665569305419922
Train step=43500, hour=6, Loss = 6.146337032318115
Train step=43600, hour=7, Loss = 4.075456619262695
Train step=43700, hour=7, Loss = 5.779989719390869
Train step=43800, hour=7, Loss = 9.203168869018555
Train step=43900, hour=7, Loss = 5.127682685852051
Train step=44000, hour=7, Loss = 4.862531661987305
Train step=44100, hour=7, Loss = 6.488223552703857
Train step=44200, hour=7, Loss = 3.282907009124756
Train step=44300, hour=7, Loss = 6.6090803146362305
Train step=44400, hour=7, Loss = 7.147555351257324
Train step=44500, hour=7, Loss = 4.039295196533203
Train step=44600, hour=7, Loss = 5.867768287658691
Train step=44700, hour=8, Loss = 6.604214668273926
Train step=44800, hour=8, Loss = 6.089277267456055
Train step=44900, hour=8, Loss = 8.676019668579102
Train step=45000, hour=8, Loss = 5.864738941192627
Train step=45100, hour=8, Loss = 5.867478370666504
Train step=45200, hour=8, Loss = 4.854816436767578
Train step=45300, hour=8, Loss = 7.241661071777344
Train step=45400, hour=8, Loss = 5.721024990081787
Train step=45500, hour=8, Loss = 3.312094211578369
Train step=45600, hour=8, Loss = 3.418506383895874
Train step=45700, hour=8, Loss = 3.7445828914642334
Train step=45800, hour=8, Loss = 5.813423156738281
Train step=45900, hour=8, Loss = 5.729769706726074
Train step=46000, hour=8, Loss = 5.512356758117676
Train step=46100, hour=9, Loss = 5.076380252838135
Train step=46200, hour=9, Loss = 6.639770984649658
Train step=46300, hour=9, Loss = 8.586540222167969
Train step=46400, hour=9, Loss = 5.290187358856201
Train step=46500, hour=9, Loss = 6.664880752563477
Train step=46600, hour=9, Loss = 5.871342658996582
Train step=46700, hour=9, Loss = 6.769543647766113
Train step=46800, hour=9, Loss = 4.352094650268555
Train step=46900, hour=9, Loss = 6.344972610473633
Train step=47000, hour=9, Loss = 6.734184265136719
Train step=47100, hour=9, Loss = 4.34569787979126
Train step=47200, hour=9, Loss = 5.321778774261475
Train step=47300, hour=9, Loss = 5.295517921447754
Train step=47400, hour=9, Loss = 7.293525695800781
Train step=47500, hour=9, Loss = 6.959267616271973
Train step=47600, hour=10, Loss = 7.656520843505859
Train step=47700, hour=10, Loss = 4.106010437011719
Train step=47800, hour=10, Loss = 5.674903392791748
Train step=47900, hour=10, Loss = 7.196494102478027
Train step=48000, hour=10, Loss = 7.059423923492432
Train step=48100, hour=10, Loss = 6.925311088562012
Train step=48200, hour=10, Loss = 5.210626125335693
Train step=48300, hour=10, Loss = 6.705954074859619
Train step=48400, hour=10, Loss = 5.939417839050293
Train step=48500, hour=10, Loss = 2.9232983589172363
Train step=48600, hour=10, Loss = 7.744095325469971
Train step=48700, hour=10, Loss = 6.470765590667725
Train step=48800, hour=10, Loss = 7.417548656463623
Train step=48900, hour=10, Loss = 5.383351802825928
Train step=49000, hour=10, Loss = 6.69605016708374
Train step=49100, hour=11, Loss = 6.044934272766113
Train step=49200, hour=11, Loss = 7.440347671508789
Train step=49300, hour=11, Loss = 4.455734729766846
Train step=49400, hour=11, Loss = 2.347064733505249
Train step=49500, hour=11, Loss = 3.447179079055786
Train step=49600, hour=11, Loss = 4.434410095214844
Train step=49700, hour=11, Loss = 5.158011436462402
Train step=49800, hour=11, Loss = 6.270573616027832
Train step=49900, hour=11, Loss = 5.588106155395508
Train step=50000, hour=11, Loss = 7.336236000061035
Train step=50100, hour=11, Loss = 3.6928250789642334
Train step=50200, hour=11, Loss = 3.626511573791504
Train step=50300, hour=11, Loss = 4.013638496398926
Train step=50400, hour=11, Loss = 4.298449516296387
Train step=50500, hour=12, Loss = 1.9070844650268555
Train step=50600, hour=12, Loss = 3.4003686904907227
Train step=50700, hour=12, Loss = 6.158459186553955
Train step=50800, hour=12, Loss = 6.416119575500488
Train step=50900, hour=12, Loss = 5.121738910675049
Train step=51000, hour=12, Loss = 7.5635199546813965
Train step=51100, hour=12, Loss = 4.526635646820068
Train step=51200, hour=12, Loss = 2.5354270935058594
Train step=51300, hour=12, Loss = 3.5485079288482666
Train step=51400, hour=12, Loss = 3.999361991882324
Train step=51500, hour=12, Loss = 2.365252733230591
Train step=51600, hour=12, Loss = 4.088068008422852
Train step=51700, hour=12, Loss = 5.564817428588867
Train step=51800, hour=13, Loss = 6.1619672775268555
Train step=51900, hour=13, Loss = 3.4142298698425293
Train step=52000, hour=13, Loss = 5.800107479095459
Train step=52100, hour=13, Loss = 3.3227081298828125
Train step=52200, hour=13, Loss = 3.2760403156280518
Train step=52300, hour=13, Loss = 2.0971031188964844
Train step=52400, hour=13, Loss = -2.4804224967956543
Train step=52500, hour=13, Loss = 8.048233985900879
Train step=52600, hour=13, Loss = 1.3263442516326904
Train step=52700, hour=13, Loss = -1.6152634620666504
Train step=52800, hour=13, Loss = 11.731535911560059
Train step=52900, hour=13, Loss = 1.1824605464935303
Train step=53000, hour=13, Loss = 2.4047818183898926
Train step=53100, hour=14, Loss = 5.016037940979004
Train step=53200, hour=14, Loss = 6.361372470855713
Train step=53300, hour=14, Loss = 2.0374927520751953
Train step=53400, hour=14, Loss = 6.486093044281006
Train step=53500, hour=14, Loss = 1.612069845199585
Train step=53600, hour=14, Loss = 2.753398895263672
Train step=53700, hour=14, Loss = 4.294177055358887
Train step=53800, hour=14, Loss = 3.6030545234680176
Train step=53900, hour=14, Loss = 5.210014820098877
Train step=54000, hour=14, Loss = 4.924955368041992
Train step=54100, hour=14, Loss = 3.5105624198913574
Train step=54200, hour=14, Loss = 6.035164833068848
Train step=54300, hour=14, Loss = 5.541632175445557
Train step=54400, hour=14, Loss = 1.8193981647491455
Train step=54500, hour=15, Loss = 3.326535701751709
Train step=54600, hour=15, Loss = 5.702152252197266
Train step=54700, hour=15, Loss = 2.990372896194458
Train step=54800, hour=15, Loss = 6.716883659362793
Train step=54900, hour=15, Loss = 5.239622116088867
Train step=55000, hour=15, Loss = 1.813650369644165
Train step=55100, hour=15, Loss = 5.124136924743652
Train step=55200, hour=15, Loss = 0.5793068408966064
Train step=55300, hour=15, Loss = 10.443455696105957
Train step=55400, hour=15, Loss = 4.840299129486084
Train step=55500, hour=15, Loss = 4.304650783538818
Train step=55600, hour=15, Loss = 2.9570584297180176
Train step=55700, hour=15, Loss = 2.7758073806762695
Train step=55800, hour=15, Loss = 6.077218532562256
Train step=55900, hour=16, Loss = 6.5689897537231445
Train step=56000, hour=16, Loss = 5.862040996551514
Train step=56100, hour=16, Loss = 5.714585304260254
Train step=56200, hour=16, Loss = 7.071808815002441
Train step=56300, hour=16, Loss = 4.492841720581055
Train step=56400, hour=16, Loss = 2.4088265895843506
Train step=56500, hour=16, Loss = 3.702756881713867
Train step=56600, hour=16, Loss = 3.1368327140808105
Train step=56700, hour=16, Loss = 4.742666244506836
Train step=56800, hour=16, Loss = 5.617513656616211
Train step=56900, hour=16, Loss = 5.381834030151367
Train step=57000, hour=16, Loss = 5.425556182861328
Train step=57100, hour=16, Loss = 6.773118019104004
Train step=57200, hour=16, Loss = 5.690549850463867
Train step=57300, hour=16, Loss = 5.601000785827637
Train step=57400, hour=17, Loss = 4.373483657836914
Train step=57500, hour=17, Loss = 5.132526397705078
Train step=57600, hour=17, Loss = 6.7847418785095215
Train step=57700, hour=17, Loss = 4.415237903594971
Train step=57800, hour=17, Loss = 5.877525329589844
Train step=57900, hour=17, Loss = 8.658382415771484
Train step=58000, hour=17, Loss = 7.546370506286621
Train step=58100, hour=17, Loss = 8.897173881530762
Train step=58200, hour=17, Loss = 7.7232890129089355
Train step=58300, hour=17, Loss = 6.1103596687316895
Train step=58400, hour=17, Loss = 5.86341667175293
Train step=58500, hour=17, Loss = 6.841941833496094
Train step=58600, hour=17, Loss = 3.4273836612701416
Train step=58700, hour=17, Loss = 4.240005016326904
Train step=58800, hour=17, Loss = 4.387944221496582
Train step=58900, hour=17, Loss = 5.858572006225586
Train step=59000, hour=18, Loss = 6.013823986053467
Train step=59100, hour=18, Loss = 8.272560119628906
Train step=59200, hour=18, Loss = 6.4460906982421875
Train step=59300, hour=18, Loss = 6.432325839996338
Train step=59400, hour=18, Loss = 5.231220245361328
Train step=59500, hour=18, Loss = 5.621761322021484
Train step=59600, hour=18, Loss = 5.189348220825195
Train step=59700, hour=18, Loss = 5.754222869873047
Train step=59800, hour=18, Loss = 8.5439453125
Train step=59900, hour=18, Loss = 6.979154109954834
Train step=60000, hour=18, Loss = 7.608170986175537
Train step=60100, hour=18, Loss = 7.2428765296936035
Train step=60200, hour=18, Loss = 4.59066915512085
Train step=60300, hour=18, Loss = 6.56681489944458
Train step=60400, hour=19, Loss = 7.035517692565918
Train step=60500, hour=19, Loss = 8.908050537109375
Train step=60600, hour=19, Loss = 7.695656776428223
Train step=60700, hour=19, Loss = 5.969000816345215
Train step=60800, hour=19, Loss = 7.127912998199463
Train step=60900, hour=19, Loss = 6.493088722229004
Train step=61000, hour=19, Loss = 2.807543992996216
Train step=61100, hour=19, Loss = 4.736624717712402
Train step=61200, hour=19, Loss = 5.060571670532227
Train step=61300, hour=19, Loss = 4.910300254821777
Train step=61400, hour=19, Loss = 4.970786094665527
Train step=61500, hour=19, Loss = 5.8962082862854
Train step=61600, hour=19, Loss = 5.009264945983887
Train step=61700, hour=19, Loss = 6.8054986000061035
Train step=61800, hour=19, Loss = 5.709507942199707
Train step=61900, hour=19, Loss = 5.607682228088379
Train step=62000, hour=20, Loss = 6.392698764801025
Train step=62100, hour=20, Loss = 6.322734355926514
Train step=62200, hour=20, Loss = 4.466292381286621
Train step=62300, hour=20, Loss = 4.728459358215332
Train step=62400, hour=20, Loss = 7.492101192474365
Train step=62500, hour=20, Loss = 7.066938400268555
Train step=62600, hour=20, Loss = 6.767550945281982
Train step=62700, hour=20, Loss = 6.3023552894592285
Train step=62800, hour=20, Loss = 5.958863258361816
Train step=62900, hour=20, Loss = 5.883535385131836
Train step=63000, hour=20, Loss = 6.017786979675293
Train step=63100, hour=20, Loss = 6.568502902984619
Train step=63200, hour=20, Loss = 6.722494125366211
Train step=63300, hour=20, Loss = 5.808918476104736
Train step=63400, hour=20, Loss = 5.840776443481445
Train step=63500, hour=20, Loss = 6.878655433654785
Train step=63600, hour=21, Loss = 7.081218719482422
Train step=63700, hour=21, Loss = 6.485698699951172
Train step=63800, hour=21, Loss = 6.493466377258301
Train step=63900, hour=21, Loss = 7.449606418609619
Train step=64000, hour=21, Loss = 6.282720565795898
Train step=64100, hour=21, Loss = 6.881387710571289
Train step=64200, hour=21, Loss = 4.812014579772949
Train step=64300, hour=21, Loss = 6.495415687561035
Train step=64400, hour=21, Loss = 6.316242694854736
Train step=64500, hour=21, Loss = 8.658472061157227
Train step=64600, hour=21, Loss = 6.417376518249512
Train step=64700, hour=21, Loss = 7.019515037536621
Train step=64800, hour=21, Loss = 7.0030364990234375
Train step=64900, hour=21, Loss = 6.518662452697754
Train step=65000, hour=22, Loss = 6.301041126251221
Train step=65100, hour=22, Loss = 7.092306137084961
Train step=65200, hour=22, Loss = 8.545780181884766
Train step=65300, hour=22, Loss = 8.425370216369629
Train step=65400, hour=22, Loss = 5.434823513031006
Train step=65500, hour=22, Loss = 7.686879634857178
Train step=65600, hour=22, Loss = 9.466394424438477
Train step=65700, hour=22, Loss = 6.665900707244873
Train step=65800, hour=22, Loss = 8.326051712036133
Train step=65900, hour=22, Loss = 5.818747520446777
Train step=66000, hour=22, Loss = 7.069530010223389
Train step=66100, hour=22, Loss = 6.124858379364014
Train step=66200, hour=22, Loss = 4.815360069274902
Train step=66300, hour=22, Loss = 7.310629844665527
Train step=66400, hour=22, Loss = 8.35737419128418
Train step=66500, hour=22, Loss = 6.236448764801025
Train step=66600, hour=23, Loss = 8.479303359985352
Train step=66700, hour=23, Loss = 8.821550369262695
Train step=66800, hour=23, Loss = 8.75337028503418
Train step=66900, hour=23, Loss = 7.374118328094482
Train step=67000, hour=23, Loss = 7.86395788192749
Train step=67100, hour=23, Loss = 8.350679397583008
Train step=67200, hour=23, Loss = 9.196805000305176
Train step=67300, hour=23, Loss = 8.275035858154297
Train step=67400, hour=23, Loss = 8.558259963989258
Train step=67500, hour=23, Loss = 8.074992179870605
Train step=67600, hour=0, Loss = 7.75013542175293
Train step=67700, hour=0, Loss = 7.63698673248291
Train step=67800, hour=0, Loss = 10.301485061645508
Train step=67900, hour=0, Loss = 8.239608764648438
Train step=68000, hour=0, Loss = 8.355935096740723
Train step=68100, hour=0, Loss = 8.433968544006348
Train step=68200, hour=0, Loss = 5.511786460876465
Train step=68300, hour=0, Loss = 6.7611894607543945
Train step=68400, hour=0, Loss = 8.896591186523438
Train step=68500, hour=0, Loss = 7.8305816650390625
Train step=68600, hour=0, Loss = 6.980954170227051
Train step=68700, hour=0, Loss = 7.199080467224121
Train step=68800, hour=0, Loss = 6.9784040451049805
Train step=68900, hour=0, Loss = 8.90742301940918
Train step=69000, hour=1, Loss = 7.477734088897705
Train step=69100, hour=1, Loss = 7.102230072021484
Train step=69200, hour=1, Loss = 6.267417907714844
Train step=69300, hour=1, Loss = 7.647491931915283
Train step=69400, hour=1, Loss = 7.695058822631836
Train step=69500, hour=1, Loss = 6.23573112487793
Train step=69600, hour=1, Loss = 9.525139808654785
Train step=69700, hour=1, Loss = 8.26578140258789
Train step=69800, hour=1, Loss = 7.922069072723389
Train step=69900, hour=1, Loss = 7.170192241668701
Train step=70000, hour=1, Loss = 7.402622222900391
Train step=70100, hour=1, Loss = 8.216972351074219
Train step=70200, hour=1, Loss = 7.7751617431640625
Train step=70300, hour=1, Loss = 8.055116653442383
Train step=70400, hour=2, Loss = 7.084056377410889
Train step=70500, hour=2, Loss = 8.577085494995117
Train step=70600, hour=2, Loss = 8.258234977722168
Train step=70700, hour=2, Loss = 7.813231468200684
Train step=70800, hour=2, Loss = 7.544729232788086
Train step=70900, hour=2, Loss = 10.188201904296875
Train step=71000, hour=2, Loss = 8.027761459350586
Train step=71100, hour=2, Loss = 7.890131950378418
Train step=71200, hour=2, Loss = 8.521658897399902
Train step=71300, hour=2, Loss = 8.848825454711914
Train step=71400, hour=2, Loss = 9.619189262390137
Train step=71500, hour=2, Loss = 6.443864345550537
Train step=71600, hour=2, Loss = 9.220005989074707
Train step=71700, hour=2, Loss = 7.875770568847656
Train step=71800, hour=2, Loss = 8.734720230102539
Train step=71900, hour=2, Loss = 8.036197662353516
Train step=72000, hour=3, Loss = 8.8937349319458
Train step=72100, hour=3, Loss = 8.498424530029297
Train step=72200, hour=3, Loss = 8.039113998413086
Train step=72300, hour=3, Loss = 8.38272476196289
Train step=72400, hour=3, Loss = 7.88228178024292
Train step=72500, hour=3, Loss = 8.059307098388672
Train step=72600, hour=3, Loss = 7.169381141662598
Train step=72700, hour=3, Loss = 7.6167168617248535
Train step=72800, hour=3, Loss = 7.774253845214844
Train step=72900, hour=3, Loss = 7.294257164001465
Train step=73000, hour=3, Loss = 9.653719902038574
Train step=73100, hour=3, Loss = 7.044488430023193
Train step=73200, hour=3, Loss = 8.068475723266602
Train step=73300, hour=3, Loss = 7.593072891235352
Train step=73400, hour=4, Loss = 9.369268417358398
Train step=73500, hour=4, Loss = 9.190634727478027
Train step=73600, hour=4, Loss = 8.768208503723145
Train step=73700, hour=4, Loss = 8.477960586547852
Train step=73800, hour=4, Loss = 8.576083183288574
Train step=73900, hour=4, Loss = 7.79998254776001
Train step=74000, hour=4, Loss = 9.336795806884766
Train step=74100, hour=4, Loss = 8.05632495880127
Train step=74200, hour=4, Loss = 8.021482467651367
Train step=74300, hour=4, Loss = 7.653237342834473
Train step=74400, hour=4, Loss = 9.936758041381836
Train step=74500, hour=4, Loss = 7.274277687072754
Train step=74600, hour=5, Loss = 9.306507110595703
Train step=74700, hour=5, Loss = 9.63741683959961
Train step=74800, hour=5, Loss = 9.835914611816406
Train step=74900, hour=5, Loss = 9.510259628295898
Train step=75000, hour=5, Loss = 9.54526424407959
Train step=75100, hour=5, Loss = 8.973212242126465
Train step=75200, hour=5, Loss = 10.089597702026367
Train step=75300, hour=5, Loss = 9.0895357131958
Train step=75400, hour=5, Loss = 8.009608268737793
Train step=75500, hour=5, Loss = 8.364164352416992
Train step=75600, hour=5, Loss = 8.539117813110352
Train step=75700, hour=5, Loss = 8.070439338684082
Train step=75800, hour=5, Loss = 9.188985824584961
Train step=75900, hour=6, Loss = 9.166545867919922
Train step=76000, hour=6, Loss = 9.435802459716797
Train step=76100, hour=6, Loss = 5.641483306884766
Train step=76200, hour=6, Loss = 9.428534507751465
Train step=76300, hour=6, Loss = 9.642013549804688
Train step=76400, hour=6, Loss = 9.522978782653809
Train step=76500, hour=6, Loss = 8.680173873901367
Train step=76600, hour=6, Loss = 8.622631072998047
Train step=76700, hour=6, Loss = 7.438726425170898
Train step=76800, hour=6, Loss = 12.005249977111816
Train step=76900, hour=6, Loss = 8.005695343017578
Train step=77000, hour=6, Loss = 9.525139808654785
Train step=77100, hour=6, Loss = 7.919292449951172
Train step=77200, hour=6, Loss = 8.660849571228027
Train step=77300, hour=6, Loss = 8.494458198547363
Train step=77400, hour=6, Loss = 7.743757724761963
Train step=77500, hour=7, Loss = 5.808746337890625
Train step=77600, hour=7, Loss = 5.438830852508545
Train step=77700, hour=7, Loss = 6.169025421142578
Train step=77800, hour=7, Loss = 6.455597877502441
Train step=77900, hour=7, Loss = 3.828176975250244
Train step=78000, hour=7, Loss = 4.992419242858887
Train step=78100, hour=7, Loss = 3.340759038925171
Train step=78200, hour=7, Loss = 5.051945686340332
Train step=78300, hour=7, Loss = 3.8640005588531494
Train step=78400, hour=7, Loss = 4.46434211730957
Train step=78500, hour=7, Loss = 5.843217849731445
Train step=78600, hour=8, Loss = 4.580459117889404
Train step=78700, hour=8, Loss = 1.6270813941955566
Train step=78800, hour=8, Loss = 4.6512346267700195
Train step=78900, hour=8, Loss = 6.09813117980957
Train step=79000, hour=8, Loss = 3.295377016067505
Train step=79100, hour=8, Loss = 4.352970123291016
Train step=79200, hour=8, Loss = 4.012209892272949
Train step=79300, hour=8, Loss = 4.276490211486816
Train step=79400, hour=8, Loss = 2.9573986530303955
Train step=79500, hour=8, Loss = 3.3636279106140137
Train step=79600, hour=8, Loss = 1.845732569694519
Train step=79700, hour=8, Loss = 5.813377380371094
Train step=79800, hour=8, Loss = 2.2756218910217285
Train step=79900, hour=8, Loss = 1.754893183708191
Train step=80000, hour=9, Loss = 11.724154472351074
Train step=80100, hour=9, Loss = 6.1713409423828125
Train step=80200, hour=9, Loss = 3.0334620475769043
Train step=80300, hour=9, Loss = 5.381481170654297
Train step=80400, hour=9, Loss = 6.2063775062561035
Train step=80500, hour=9, Loss = 8.332558631896973
Train step=80600, hour=9, Loss = 3.6446077823638916
Train step=80700, hour=9, Loss = 3.3538546562194824
Train step=80800, hour=9, Loss = 5.73430871963501
Train step=80900, hour=9, Loss = 6.392251014709473
Train step=81000, hour=9, Loss = 6.0603108406066895
Train step=81100, hour=9, Loss = 3.9502651691436768
Train step=81200, hour=9, Loss = 5.337614059448242
Train step=81300, hour=9, Loss = 3.352668523788452
Train step=81400, hour=9, Loss = 1.4440746307373047
Train step=81500, hour=10, Loss = 6.633477687835693
Train step=81600, hour=10, Loss = 6.427687644958496
Train step=81700, hour=10, Loss = 4.751357078552246
Train step=81800, hour=10, Loss = 6.129302501678467
Train step=81900, hour=10, Loss = 2.6590921878814697
Train step=82000, hour=10, Loss = 6.060266494750977
Train step=82100, hour=10, Loss = 6.94296932220459
Train step=82200, hour=10, Loss = 5.422850608825684
Train step=82300, hour=10, Loss = 7.2894392013549805
Train step=82400, hour=10, Loss = 6.176178932189941
Train step=82500, hour=10, Loss = 3.7627367973327637
Train step=82600, hour=10, Loss = 4.03456974029541
Train step=82700, hour=10, Loss = 7.195772647857666
Train step=82800, hour=10, Loss = 4.841235160827637
Train step=82900, hour=10, Loss = 7.286140441894531
Train step=83000, hour=10, Loss = 2.2422995567321777
Train step=83100, hour=11, Loss = 4.563366889953613
Train step=83200, hour=11, Loss = 2.675048828125
Train step=83300, hour=11, Loss = 4.4437642097473145
Train step=83400, hour=11, Loss = 4.31375789642334
Train step=83500, hour=11, Loss = 7.169379711151123
Train step=83600, hour=11, Loss = 4.09473991394043
Train step=83700, hour=11, Loss = 3.6357767581939697
Train step=83800, hour=11, Loss = 5.141801834106445
Train step=83900, hour=11, Loss = 1.9875783920288086
Train step=84000, hour=11, Loss = 4.58936882019043
Train step=84100, hour=11, Loss = 4.455090522766113
Train step=84200, hour=11, Loss = 6.110311031341553
Train step=84300, hour=11, Loss = 3.557004690170288
Train step=84400, hour=11, Loss = 13.502284049987793
Train step=84500, hour=12, Loss = 6.082169532775879
Train step=84600, hour=12, Loss = 5.216156005859375
Train step=84700, hour=12, Loss = 3.1536316871643066
Train step=84800, hour=12, Loss = 3.9904627799987793
Train step=84900, hour=12, Loss = 4.527867317199707
Train step=85000, hour=12, Loss = 5.302343368530273
Train step=85100, hour=12, Loss = 7.336429595947266
Train step=85200, hour=12, Loss = 3.1182503700256348
Train step=85300, hour=12, Loss = 0.9942836761474609
Train step=85400, hour=12, Loss = 3.806058883666992
Train step=85500, hour=12, Loss = 5.238996505737305
Train step=85600, hour=12, Loss = 2.4637560844421387
Train step=85700, hour=13, Loss = 3.54197096824646
Train step=85800, hour=13, Loss = 4.843832969665527
Train step=85900, hour=13, Loss = 1.923911213874817
Train step=86000, hour=13, Loss = 0.9602827429771423
Train step=86100, hour=13, Loss = 6.199089527130127
Train step=86200, hour=13, Loss = 4.730846405029297
Train step=86300, hour=13, Loss = -0.14737701416015625
Train step=86400, hour=13, Loss = 6.817983627319336
Train step=86500, hour=13, Loss = -7.9778056144714355
Train step=86600, hour=13, Loss = 0.6280983686447144
Train step=86700, hour=13, Loss = 4.643518447875977
Train step=86800, hour=13, Loss = 1.0102548599243164
Train step=86900, hour=13, Loss = 4.119367599487305
Train step=87000, hour=14, Loss = 1.9987554550170898
Train step=87100, hour=14, Loss = 6.508302688598633
Train step=87200, hour=14, Loss = 6.305878639221191
Train step=87300, hour=14, Loss = 5.727650165557861
Train step=87400, hour=14, Loss = 5.133335113525391
Train step=87500, hour=14, Loss = -0.05849719047546387
Train step=87600, hour=14, Loss = 4.058927536010742
Train step=87700, hour=14, Loss = 21.35812759399414
Train step=87800, hour=14, Loss = 7.0701446533203125
Train step=87900, hour=14, Loss = 5.39469051361084
Train step=88000, hour=14, Loss = 4.270027160644531
Train step=88100, hour=14, Loss = 6.328397750854492
Train step=88200, hour=14, Loss = -20.462974548339844
Train step=88300, hour=14, Loss = 7.925504207611084
Train step=88400, hour=15, Loss = 6.3367414474487305
Train step=88500, hour=15, Loss = 4.966473579406738
Train step=88600, hour=15, Loss = 5.311281204223633
Train step=88700, hour=15, Loss = 3.1844966411590576
Train step=88800, hour=15, Loss = 11.86942195892334
Train step=88900, hour=15, Loss = -1.4016211032867432
Train step=89000, hour=15, Loss = 4.4188432693481445
Train step=89100, hour=15, Loss = 5.084328651428223
Train step=89200, hour=15, Loss = 1.66819167137146
Train step=89300, hour=15, Loss = 2.2968406677246094
Train step=89400, hour=15, Loss = 5.924341201782227
Train step=89500, hour=15, Loss = 2.01062273979187
Train step=89600, hour=15, Loss = 5.823779106140137
Train step=89700, hour=16, Loss = 7.455888271331787
Train step=89800, hour=16, Loss = 4.791359901428223
Train step=89900, hour=16, Loss = 6.814750671386719
Train step=90000, hour=16, Loss = 5.394087791442871
Train step=90100, hour=16, Loss = 5.538021087646484
Train step=90200, hour=16, Loss = 5.170534133911133
Train step=90300, hour=16, Loss = 6.0703654289245605
Train step=90400, hour=16, Loss = 4.609338283538818
Train step=90500, hour=16, Loss = 3.7949252128601074
Train step=90600, hour=16, Loss = 4.293148040771484
Train step=90700, hour=16, Loss = 5.216629981994629
Train step=90800, hour=16, Loss = 7.4954938888549805
Train step=90900, hour=16, Loss = 3.9305951595306396
Train step=91000, hour=16, Loss = 5.3880934715271
Train step=91100, hour=17, Loss = 6.091719627380371
Train step=91200, hour=17, Loss = 11.497848510742188
Train step=91300, hour=17, Loss = 5.610500335693359
Train step=91400, hour=17, Loss = 6.127241134643555
Train step=91500, hour=17, Loss = 4.098161697387695
Train step=91600, hour=17, Loss = 5.753199577331543
Train step=91700, hour=17, Loss = 7.793119430541992
Train step=91800, hour=17, Loss = 6.665738582611084
Train step=91900, hour=17, Loss = 4.325733184814453
Train step=92000, hour=17, Loss = 6.452205657958984
Train step=92100, hour=17, Loss = 5.8961615562438965
Train step=92200, hour=17, Loss = 2.921020030975342
Train step=92300, hour=17, Loss = 7.192317962646484
Train step=92400, hour=17, Loss = 0.9889379739761353
Train step=92500, hour=17, Loss = 7.658115386962891
Train step=92600, hour=17, Loss = 4.1429901123046875
Train step=92700, hour=17, Loss = 2.3360438346862793
Train step=92800, hour=17, Loss = 4.664418697357178
Train step=92900, hour=18, Loss = 4.269968032836914
Train step=93000, hour=18, Loss = 4.698744773864746
Train step=93100, hour=18, Loss = 3.5034141540527344
Train step=93200, hour=18, Loss = 4.516010761260986
Train step=93300, hour=18, Loss = 4.009839057922363
Train step=93400, hour=18, Loss = 4.907666206359863
Train step=93500, hour=18, Loss = 3.743438720703125
Train step=93600, hour=18, Loss = 4.1254143714904785
Train step=93700, hour=18, Loss = 5.298919677734375
Train step=93800, hour=18, Loss = 2.234589099884033
Train step=93900, hour=18, Loss = 3.884552001953125
Train step=94000, hour=18, Loss = 7.116052150726318
Train step=94100, hour=18, Loss = 5.747842788696289
Train step=94200, hour=18, Loss = 4.93106746673584
Train step=94300, hour=18, Loss = 3.2126240730285645
Train step=94400, hour=19, Loss = 5.1456804275512695
Train step=94500, hour=19, Loss = 5.287229537963867
Train step=94600, hour=19, Loss = 4.612632751464844
Train step=94700, hour=19, Loss = 3.987029552459717
Train step=94800, hour=19, Loss = 6.037789344787598
Train step=94900, hour=19, Loss = 6.281301498413086
Train step=95000, hour=19, Loss = 6.370691299438477
Train step=95100, hour=19, Loss = 6.287776470184326
Train step=95200, hour=19, Loss = 4.46099853515625
Train step=95300, hour=19, Loss = 5.39601993560791
Train step=95400, hour=19, Loss = 4.462228775024414
Train step=95500, hour=19, Loss = 4.910313606262207
Train step=95600, hour=19, Loss = 6.147179126739502
Train step=95700, hour=19, Loss = 5.019399642944336
Train step=95800, hour=19, Loss = 6.189241409301758
Train step=95900, hour=19, Loss = 3.8780570030212402
Train step=96000, hour=19, Loss = 5.1919379234313965
Train step=96100, hour=20, Loss = 7.037801742553711
Train step=96200, hour=20, Loss = 5.060232162475586
Train step=96300, hour=20, Loss = 6.108063697814941
Train step=96400, hour=20, Loss = 5.135092735290527
Train step=96500, hour=20, Loss = 7.206318378448486
Train step=96600, hour=20, Loss = 6.175738334655762
Train step=96700, hour=20, Loss = 5.484910011291504
Train step=96800, hour=20, Loss = 5.683074951171875
Train step=96900, hour=20, Loss = 4.355118751525879
Train step=97000, hour=20, Loss = 7.267291069030762
Train step=97100, hour=20, Loss = 4.041470050811768
Train step=97200, hour=20, Loss = 5.501836776733398
Train step=97300, hour=20, Loss = 2.9691948890686035
Train step=97400, hour=20, Loss = 6.124077796936035
Train step=97500, hour=20, Loss = 4.511561870574951
Train step=97600, hour=20, Loss = 4.427029132843018
Train step=97700, hour=21, Loss = 4.369974613189697
Train step=97800, hour=21, Loss = 6.2793288230896
Train step=97900, hour=21, Loss = 9.186232566833496
Train step=98000, hour=21, Loss = 6.39614725112915
Train step=98100, hour=21, Loss = 6.817239761352539
Train step=98200, hour=21, Loss = 7.075153827667236
Train step=98300, hour=21, Loss = 5.316591262817383
Train step=98400, hour=21, Loss = 5.119875907897949
Train step=98500, hour=21, Loss = 6.256718158721924
Train step=98600, hour=21, Loss = 5.392138481140137
Train step=98700, hour=21, Loss = 7.169923782348633
Train step=98800, hour=21, Loss = 3.5199692249298096
Train step=98900, hour=21, Loss = 7.460938453674316
Train step=99000, hour=21, Loss = 4.626057147979736
Train step=99100, hour=21, Loss = 3.683215618133545
Train step=99200, hour=22, Loss = 5.047972679138184
Train step=99300, hour=22, Loss = 7.385626792907715
Train step=99400, hour=22, Loss = 7.764737129211426
Train step=99500, hour=22, Loss = 8.400166511535645
Train step=99600, hour=22, Loss = 8.642892837524414
Train step=99700, hour=22, Loss = 6.837677955627441
Train step=99800, hour=22, Loss = 7.0328569412231445
Train step=99900, hour=22, Loss = 7.935825347900391
Train step=100000, hour=22, Loss = 7.166391372680664
Train step=100100, hour=22, Loss = 7.61605978012085
Train step=100200, hour=22, Loss = 4.452069282531738
Train step=100300, hour=22, Loss = 8.44875431060791
Train step=100400, hour=22, Loss = 6.0283308029174805
Train step=100500, hour=22, Loss = 8.523077964782715
Train step=100600, hour=22, Loss = 4.75174617767334
Train step=100700, hour=23, Loss = 7.3671393394470215
Train step=100800, hour=23, Loss = 8.275723457336426
Train step=100900, hour=23, Loss = 8.838608741760254
Train step=101000, hour=23, Loss = 8.136886596679688
Train step=101100, hour=23, Loss = 6.866422176361084
Train step=101200, hour=23, Loss = 7.626865863800049
Train step=101300, hour=23, Loss = 8.938299179077148
Train step=101400, hour=23, Loss = 9.271048545837402
Train step=101500, hour=23, Loss = 8.449914932250977
Train step=101600, hour=23, Loss = 8.788223266601562
Train step=101700, hour=23, Loss = 7.9012956619262695
Train step=101800, hour=0, Loss = 6.234171390533447
Train step=101900, hour=0, Loss = 7.4598588943481445
Train step=102000, hour=0, Loss = 7.551990032196045
Train step=102100, hour=0, Loss = 9.001564025878906
Train step=102200, hour=0, Loss = 4.919454574584961
Train step=102300, hour=0, Loss = 6.671137809753418
Train step=102400, hour=0, Loss = 6.8987884521484375
Train step=102500, hour=0, Loss = 6.816877841949463
Train step=102600, hour=0, Loss = 8.038934707641602
Train step=102700, hour=0, Loss = 8.28884220123291
Train step=102800, hour=0, Loss = 8.335206031799316
Train step=102900, hour=0, Loss = 5.825350761413574
Train step=103000, hour=0, Loss = 6.147671699523926
Train step=103100, hour=0, Loss = 7.665541172027588
Train step=103200, hour=1, Loss = 7.970098495483398
Train step=103300, hour=1, Loss = 8.837623596191406
Train step=103400, hour=1, Loss = 7.697504043579102
Train step=103500, hour=1, Loss = 6.8736677169799805
Train step=103600, hour=1, Loss = 7.734829902648926
Train step=103700, hour=1, Loss = 8.331338882446289
Train step=103800, hour=1, Loss = 5.987970352172852
Train step=103900, hour=1, Loss = 6.4290971755981445
Train step=104000, hour=1, Loss = 7.044010162353516
Train step=104100, hour=1, Loss = 10.72091293334961
Train step=104200, hour=1, Loss = 6.635344982147217
Train step=104300, hour=1, Loss = 6.124838829040527
Train step=104400, hour=1, Loss = 7.919635772705078
Train step=104500, hour=1, Loss = 6.16342306137085
Train step=104600, hour=1, Loss = 6.560317039489746
Train step=104700, hour=2, Loss = 9.40317153930664
Train step=104800, hour=2, Loss = 9.807804107666016
Train step=104900, hour=2, Loss = 6.730066299438477
Train step=105000, hour=2, Loss = 7.632884979248047
Train step=105100, hour=2, Loss = 7.072094440460205
Train step=105200, hour=2, Loss = 7.863664627075195
Train step=105300, hour=2, Loss = 6.082633972167969
Train step=105400, hour=2, Loss = 7.0761399269104
Train step=105500, hour=2, Loss = 6.2905683517456055
Train step=105600, hour=2, Loss = 8.285771369934082
Train step=105700, hour=2, Loss = 7.304536819458008
Train step=105800, hour=2, Loss = 7.336529731750488
Train step=105900, hour=2, Loss = 6.02223014831543
Train step=106000, hour=2, Loss = 6.920476913452148
Train step=106100, hour=2, Loss = 7.707747936248779
Train step=106200, hour=3, Loss = 6.23512077331543
Train step=106300, hour=3, Loss = 7.028477668762207
Train step=106400, hour=3, Loss = 8.093761444091797
Train step=106500, hour=3, Loss = 6.2618408203125
Train step=106600, hour=3, Loss = 7.11025333404541
Train step=106700, hour=3, Loss = 7.307090759277344
Train step=106800, hour=3, Loss = 7.43182373046875
Train step=106900, hour=3, Loss = 7.5955047607421875
Train step=107000, hour=3, Loss = 10.974396705627441
Train step=107100, hour=3, Loss = 7.762486457824707
Train step=107200, hour=3, Loss = 8.602314949035645
Train step=107300, hour=3, Loss = 5.343814849853516
Train step=107400, hour=3, Loss = 6.86448860168457
Train step=107500, hour=3, Loss = 5.4456071853637695
Train step=107600, hour=4, Loss = 8.38790225982666
Train step=107700, hour=4, Loss = 8.734421730041504
Train step=107800, hour=4, Loss = 8.123222351074219
Train step=107900, hour=4, Loss = 8.256813049316406
Train step=108000, hour=4, Loss = 7.8906426429748535
Train step=108100, hour=4, Loss = 9.165658950805664
Train step=108200, hour=4, Loss = 7.605701923370361
Train step=108300, hour=4, Loss = 7.736086368560791
Train step=108400, hour=4, Loss = 8.046558380126953
Train step=108500, hour=4, Loss = 8.368526458740234
Train step=108600, hour=4, Loss = 8.642266273498535
Train step=108700, hour=5, Loss = 117.259521484375
Train step=108800, hour=5, Loss = 11.127187728881836
Train step=108900, hour=5, Loss = 8.376665115356445
Train step=109000, hour=5, Loss = 8.928648948669434
Train step=109100, hour=5, Loss = 7.562595367431641
Train step=109200, hour=5, Loss = 27.961326599121094
Train step=109300, hour=5, Loss = 7.919266700744629
Train step=109400, hour=5, Loss = 7.126152038574219
Train step=109500, hour=5, Loss = 9.026906967163086
Train step=109600, hour=5, Loss = 8.467170715332031
Train step=109700, hour=5, Loss = 4.994861602783203
Train step=109800, hour=5, Loss = 9.109269142150879
Train step=109900, hour=5, Loss = 8.403375625610352
Train step=110000, hour=5, Loss = 7.003712177276611
Train step=110100, hour=6, Loss = 6.669762134552002
Train step=110200, hour=6, Loss = 9.113443374633789
Train step=110300, hour=6, Loss = 9.558263778686523
Train step=110400, hour=6, Loss = 8.06020736694336
Train step=110500, hour=6, Loss = 10.742609024047852
Train step=110600, hour=6, Loss = 7.322657585144043
Train step=110700, hour=6, Loss = 9.581390380859375
Train step=110800, hour=6, Loss = 8.148767471313477
Train step=110900, hour=6, Loss = 7.818017959594727
Train step=111000, hour=6, Loss = 9.106932640075684
Train step=111100, hour=6, Loss = 8.879325866699219
Train step=111200, hour=6, Loss = 7.062817573547363
Train step=111300, hour=6, Loss = 8.942646026611328
Train step=111400, hour=6, Loss = 9.684430122375488
Train step=111500, hour=6, Loss = 7.978716850280762
Train step=111600, hour=6, Loss = 8.360230445861816
Train step=111700, hour=6, Loss = 7.477980613708496
Train step=111800, hour=7, Loss = 4.200865745544434
Train step=111900, hour=7, Loss = 6.333751201629639
Train step=112000, hour=7, Loss = 6.914356231689453
Train step=112100, hour=7, Loss = 4.617387294769287
Train step=112200, hour=7, Loss = 1.4425239562988281
Train step=112300, hour=7, Loss = 2.4071526527404785
Train step=112400, hour=7, Loss = 4.422064781188965
Train step=112500, hour=7, Loss = 4.872089862823486
Train step=112600, hour=7, Loss = 2.8317174911499023
Train step=112700, hour=7, Loss = 5.2012434005737305
Train step=112800, hour=8, Loss = 4.955257892608643
Train step=112900, hour=8, Loss = 3.076115846633911
Train step=113000, hour=8, Loss = 5.78349494934082
Train step=113100, hour=8, Loss = 4.419013023376465
Train step=113200, hour=8, Loss = 5.144769668579102
Train step=113300, hour=8, Loss = 5.12073278427124
Train step=113400, hour=8, Loss = 3.477735996246338
Train step=113500, hour=8, Loss = 3.9060401916503906
Train step=113600, hour=8, Loss = 2.422755241394043
Train step=113700, hour=8, Loss = 2.8015670776367188
Train step=113800, hour=8, Loss = 5.813242435455322
Train step=113900, hour=8, Loss = 4.807247638702393
Train step=114000, hour=8, Loss = 4.8255391120910645
Train step=114100, hour=8, Loss = 4.2246599197387695
Train step=114200, hour=9, Loss = 4.864093780517578
Train step=114300, hour=9, Loss = 4.636554718017578
Train step=114400, hour=9, Loss = 4.874847412109375
Train step=114500, hour=9, Loss = 6.0397047996521
Train step=114600, hour=9, Loss = 6.996079921722412
Train step=114700, hour=9, Loss = 6.749975204467773
Train step=114800, hour=9, Loss = 7.839291572570801
Train step=114900, hour=9, Loss = 6.549091339111328
Train step=115000, hour=9, Loss = 6.89604377746582
Train step=115100, hour=9, Loss = 5.151576042175293
Train step=115200, hour=9, Loss = 2.4572513103485107
Train step=115300, hour=9, Loss = 8.679914474487305
Train step=115400, hour=9, Loss = 5.7343292236328125
Train step=115500, hour=9, Loss = 3.4317078590393066
Train step=115600, hour=9, Loss = 6.150485038757324
Train step=115700, hour=10, Loss = 2.9993033409118652
Train step=115800, hour=10, Loss = 6.010138511657715
Train step=115900, hour=10, Loss = 4.715508460998535
Train step=116000, hour=10, Loss = 2.8977913856506348
Train step=116100, hour=10, Loss = 5.143157958984375
Train step=116200, hour=10, Loss = 3.5358197689056396
Train step=116300, hour=10, Loss = 4.506102561950684
Train step=116400, hour=10, Loss = 5.51527738571167
Train step=116500, hour=10, Loss = 6.53371524810791
Train step=116600, hour=10, Loss = 5.51808500289917
Train step=116700, hour=10, Loss = 3.887730836868286
Train step=116800, hour=10, Loss = 3.846238851547241
Train step=116900, hour=10, Loss = 4.0858612060546875
Train step=117000, hour=10, Loss = 5.060041427612305
Train step=117100, hour=10, Loss = 5.340973854064941
Train step=117200, hour=11, Loss = 4.115252494812012
Train step=117300, hour=11, Loss = 6.666445732116699
Train step=117400, hour=11, Loss = 6.227088451385498
Train step=117500, hour=11, Loss = 7.541372776031494
Train step=117600, hour=11, Loss = 3.776528835296631
Train step=117700, hour=11, Loss = 5.8877973556518555
Train step=117800, hour=11, Loss = 5.203407287597656
Train step=117900, hour=11, Loss = 3.807277202606201
Train step=118000, hour=11, Loss = 3.897001266479492
Train step=118100, hour=11, Loss = 2.824500322341919
Train step=118200, hour=11, Loss = 3.8731231689453125
Train step=118300, hour=11, Loss = 6.674938201904297
Train step=118400, hour=11, Loss = 4.670961380004883
Train step=118500, hour=11, Loss = 5.454442024230957
Train step=118600, hour=12, Loss = 5.891242027282715
Train step=118700, hour=12, Loss = 4.865323066711426
Train step=118800, hour=12, Loss = 4.1732401847839355
Train step=118900, hour=12, Loss = 4.27424430847168
Train step=119000, hour=12, Loss = 7.383374214172363
Train step=119100, hour=12, Loss = 1.9008095264434814
Train step=119200, hour=12, Loss = 2.5228915214538574
Train step=119300, hour=12, Loss = 3.2005863189697266
Train step=119400, hour=12, Loss = 2.1807119846343994
Train step=119500, hour=12, Loss = 3.8677525520324707
Train step=119600, hour=12, Loss = 4.655417442321777
Train step=119700, hour=12, Loss = 2.537275552749634
Train step=119800, hour=12, Loss = -0.2458818554878235
Train step=119900, hour=13, Loss = 3.3407979011535645
Train step=120000, hour=13, Loss = 1.3050326108932495
Train step=120100, hour=13, Loss = 2.5469961166381836
Train step=120200, hour=13, Loss = -1.5663855075836182
Train step=120300, hour=13, Loss = 2.992586374282837
Train step=120400, hour=13, Loss = -1.2655012607574463
Train step=120500, hour=13, Loss = 0.8495917320251465
Train step=120600, hour=13, Loss = 5.808318614959717
Train step=120700, hour=13, Loss = 2.198838233947754
Train step=120800, hour=13, Loss = 2.686767339706421
Train step=120900, hour=13, Loss = 1.128469467163086
Train step=121000, hour=13, Loss = 3.1358494758605957
Train step=121100, hour=13, Loss = 5.722000598907471
Train step=121200, hour=14, Loss = -2.4066381454467773
Train step=121300, hour=14, Loss = 6.29753303527832
Train step=121400, hour=14, Loss = 4.499805927276611
Train step=121500, hour=14, Loss = 5.4307756423950195
Train step=121600, hour=14, Loss = 5.661164283752441
Train step=121700, hour=14, Loss = 1.9616479873657227
Train step=121800, hour=14, Loss = 3.0471529960632324
Train step=121900, hour=14, Loss = 31.764474868774414
Train step=122000, hour=14, Loss = 2.4025259017944336
Train step=122100, hour=14, Loss = 5.189196586608887
Train step=122200, hour=14, Loss = 3.2482314109802246
Train step=122300, hour=14, Loss = 5.100403785705566
Train step=122400, hour=14, Loss = 6.010092735290527
Train step=122500, hour=14, Loss = 4.596053600311279
Train step=122600, hour=15, Loss = 5.831132888793945
Train step=122700, hour=15, Loss = 1.8262684345245361
Train step=122800, hour=15, Loss = 5.177154541015625
Train step=122900, hour=15, Loss = 2.6715502738952637
Train step=123000, hour=15, Loss = 14.8371000289917
Train step=123100, hour=15, Loss = 1.8394184112548828
Train step=123200, hour=15, Loss = 3.439655303955078
Train step=123300, hour=15, Loss = 4.076742649078369
Train step=123400, hour=15, Loss = 4.181652069091797
Train step=123500, hour=15, Loss = 1.2912912368774414
Train step=123600, hour=15, Loss = -0.5479427576065063
Train step=123700, hour=15, Loss = -0.8307304382324219
Train step=123800, hour=15, Loss = 0.37622201442718506
Train step=123900, hour=15, Loss = 5.320104122161865
Train step=124000, hour=15, Loss = 3.852062702178955
Train step=124100, hour=16, Loss = 3.722027063369751
Train step=124200, hour=16, Loss = 2.864342212677002
Train step=124300, hour=16, Loss = 6.310515403747559
Train step=124400, hour=16, Loss = 5.852876663208008
Train step=124500, hour=16, Loss = 4.359385013580322
Train step=124600, hour=16, Loss = 5.429758071899414
Train step=124700, hour=16, Loss = 3.31823992729187
Train step=124800, hour=16, Loss = 5.21939754486084
Train step=124900, hour=16, Loss = 6.363088607788086
Train step=125000, hour=16, Loss = 2.9687001705169678
Train step=125100, hour=16, Loss = 7.488430976867676
Train step=125200, hour=16, Loss = 4.96420431137085
Train step=125300, hour=16, Loss = 3.8512210845947266
Train step=125400, hour=16, Loss = 4.771652698516846
Train step=125500, hour=17, Loss = 5.759817123413086
Train step=125600, hour=17, Loss = 3.870246648788452
Train step=125700, hour=17, Loss = 8.286240577697754
Train step=125800, hour=17, Loss = 6.27902364730835
Train step=125900, hour=17, Loss = 3.8234081268310547
Train step=126000, hour=17, Loss = 2.793825626373291
Train step=126100, hour=17, Loss = 6.521618366241455
Train step=126200, hour=17, Loss = 4.135947227478027
Train step=126300, hour=17, Loss = 3.7450060844421387
Train step=126400, hour=17, Loss = 7.22523307800293
Train step=126500, hour=17, Loss = 5.111337661743164
Train step=126600, hour=17, Loss = 5.618054389953613
Train step=126700, hour=17, Loss = 2.64495849609375
Train step=126800, hour=17, Loss = 4.575900077819824
Train step=126900, hour=17, Loss = 6.075601577758789
Train step=127000, hour=17, Loss = 6.812193870544434
Train step=127100, hour=18, Loss = 5.197479724884033
Train step=127200, hour=18, Loss = 6.544475555419922
Train step=127300, hour=18, Loss = 3.460071086883545
Train step=127400, hour=18, Loss = 5.811026573181152
Train step=127500, hour=18, Loss = 2.6494836807250977
Train step=127600, hour=18, Loss = 3.7648181915283203
Train step=127700, hour=18, Loss = 4.109717845916748
Train step=127800, hour=18, Loss = 3.409592390060425
Train step=127900, hour=18, Loss = 2.7985565662384033
Train step=128000, hour=18, Loss = 3.7820472717285156
Train step=128100, hour=18, Loss = 6.1714959144592285
Train step=128200, hour=18, Loss = 6.023860931396484
Train step=128300, hour=18, Loss = 5.4621477127075195
Train step=128400, hour=18, Loss = 0.7708621025085449
Train step=128500, hour=19, Loss = 5.674201965332031
Train step=128600, hour=19, Loss = 5.244966983795166
Train step=128700, hour=19, Loss = 3.954895496368408
Train step=128800, hour=19, Loss = 3.611959934234619
Train step=128900, hour=19, Loss = 5.683287620544434
Train step=129000, hour=19, Loss = 5.104220867156982
Train step=129100, hour=19, Loss = 8.613494873046875
Train step=129200, hour=19, Loss = 6.089959621429443
Train step=129300, hour=19, Loss = 5.465784072875977
Train step=129400, hour=19, Loss = 5.906019687652588
Train step=129500, hour=19, Loss = 4.403031349182129
Train step=129600, hour=19, Loss = 8.409549713134766
Train step=129700, hour=19, Loss = 3.9058923721313477
Train step=129800, hour=19, Loss = 6.180074691772461
Train step=129900, hour=19, Loss = 3.626514434814453
Train step=130000, hour=19, Loss = 6.06329345703125
Train step=130100, hour=19, Loss = 7.600953102111816
Train step=130200, hour=20, Loss = 8.442176818847656
Train step=130300, hour=20, Loss = 6.72689151763916
Train step=130400, hour=20, Loss = 5.6273345947265625
Train step=130500, hour=20, Loss = 4.860086441040039
Train step=130600, hour=20, Loss = 6.692298889160156
Train step=130700, hour=20, Loss = 6.7085981369018555
Train step=130800, hour=20, Loss = 5.82487678527832
Train step=130900, hour=20, Loss = 5.501353740692139
Train step=131000, hour=20, Loss = 3.652275800704956
Train step=131100, hour=20, Loss = 5.17219352722168
Train step=131200, hour=20, Loss = 4.947171211242676
Train step=131300, hour=20, Loss = 9.470036506652832
Train step=131400, hour=20, Loss = 5.087320804595947
Train step=131500, hour=20, Loss = 4.208362579345703
Train step=131600, hour=20, Loss = 5.9588117599487305
Train step=131700, hour=20, Loss = 3.8337340354919434
Train step=131800, hour=21, Loss = 5.926519393920898
Train step=131900, hour=21, Loss = 3.8081915378570557
Train step=132000, hour=21, Loss = 8.344407081604004
Train step=132100, hour=21, Loss = 4.367811679840088
Train step=132200, hour=21, Loss = 6.438950538635254
Train step=132300, hour=21, Loss = 8.353172302246094
Train step=132400, hour=21, Loss = 6.863222122192383
Train step=132500, hour=21, Loss = 6.687894821166992
Train step=132600, hour=21, Loss = 5.371735572814941
Train step=132700, hour=21, Loss = 8.005597114562988
Train step=132800, hour=21, Loss = 5.572531223297119
Train step=132900, hour=21, Loss = 5.702872276306152
Train step=133000, hour=21, Loss = 5.125635147094727
Train step=133100, hour=21, Loss = 6.628617763519287
Train step=133200, hour=22, Loss = 8.7825927734375
Train step=133300, hour=22, Loss = 7.134082794189453
Train step=133400, hour=22, Loss = 5.039959907531738
Train step=133500, hour=22, Loss = 7.489563941955566
Train step=133600, hour=22, Loss = 6.330203533172607
Train step=133700, hour=22, Loss = 5.6264801025390625
Train step=133800, hour=22, Loss = 7.112160682678223
Train step=133900, hour=22, Loss = 5.315098762512207
Train step=134000, hour=22, Loss = 3.5585243701934814
Train step=134100, hour=22, Loss = 8.731338500976562
Train step=134200, hour=22, Loss = 5.339311599731445
Train step=134300, hour=22, Loss = 5.884502410888672
Train step=134400, hour=22, Loss = 6.482781410217285
Train step=134500, hour=22, Loss = 6.149116039276123
Train step=134600, hour=22, Loss = 9.24399471282959
Train step=134700, hour=22, Loss = 2.9767837524414062
Train step=134800, hour=23, Loss = 7.677210330963135
Train step=134900, hour=23, Loss = 7.773488521575928
Train step=135000, hour=23, Loss = 8.225314140319824
Train step=135100, hour=23, Loss = 7.497400760650635
Train step=135200, hour=23, Loss = 7.240144729614258
Train step=135300, hour=23, Loss = 6.39482307434082
Train step=135400, hour=23, Loss = 8.30525016784668
Train step=135500, hour=23, Loss = 8.372993469238281
Train step=135600, hour=23, Loss = 9.525941848754883
Train step=135700, hour=23, Loss = 6.746527671813965
Train step=135800, hour=23, Loss = 5.933215618133545
Train step=135900, hour=0, Loss = 7.002775192260742
Train step=136000, hour=0, Loss = 6.169064521789551
Train step=136100, hour=0, Loss = 7.051181793212891
Train step=136200, hour=0, Loss = 7.313589096069336
Train step=136300, hour=0, Loss = 7.171643257141113
Train step=136400, hour=0, Loss = 6.834938049316406
Train step=136500, hour=0, Loss = 7.539216995239258
Train step=136600, hour=0, Loss = 6.858501434326172
Train step=136700, hour=0, Loss = 9.839506149291992
Train step=136800, hour=0, Loss = 6.915074348449707
Train step=136900, hour=0, Loss = 6.650755882263184
Train step=137000, hour=0, Loss = 7.703139305114746
Train step=137100, hour=0, Loss = 5.65228796005249
Train step=137200, hour=0, Loss = 7.2204437255859375
Train step=137300, hour=1, Loss = 8.06549072265625
Train step=137400, hour=1, Loss = 5.6624250411987305
Train step=137500, hour=1, Loss = 9.773907661437988
Train step=137600, hour=1, Loss = 7.718416213989258
Train step=137700, hour=1, Loss = 6.931933403015137
Train step=137800, hour=1, Loss = 5.941509246826172
Train step=137900, hour=1, Loss = 5.011449813842773
Train step=138000, hour=1, Loss = 5.68289852142334
Train step=138100, hour=1, Loss = 4.39400577545166
Train step=138200, hour=1, Loss = 5.846810340881348
Train step=138300, hour=1, Loss = 6.394174575805664
Train step=138400, hour=1, Loss = 7.541404724121094
Train step=138500, hour=1, Loss = 5.4850616455078125
Train step=138600, hour=1, Loss = 7.799248218536377
Train step=138700, hour=2, Loss = 7.23016881942749
Train step=138800, hour=2, Loss = 8.083181381225586
Train step=138900, hour=2, Loss = 7.903446674346924
Train step=139000, hour=2, Loss = 5.894002914428711
Train step=139100, hour=2, Loss = 6.293476581573486
Train step=139200, hour=2, Loss = 8.466556549072266
Train step=139300, hour=2, Loss = 8.259340286254883
Train step=139400, hour=2, Loss = 8.75619888305664
Train step=139500, hour=2, Loss = 6.632105827331543
Train step=139600, hour=2, Loss = 7.209336757659912
Train step=139700, hour=2, Loss = 7.235232830047607
Train step=139800, hour=2, Loss = 7.341751575469971
Train step=139900, hour=2, Loss = 11.162469863891602
Train step=140000, hour=2, Loss = 6.384893894195557
Train step=140100, hour=2, Loss = 8.874767303466797
Train step=140200, hour=3, Loss = 6.508943557739258
Train step=140300, hour=3, Loss = 7.526261806488037
Train step=140400, hour=3, Loss = 6.803613662719727
Train step=140500, hour=3, Loss = 6.707086563110352
Train step=140600, hour=3, Loss = 8.091832160949707
Train step=140700, hour=3, Loss = 7.657623767852783
Train step=140800, hour=3, Loss = 7.684268951416016
Train step=140900, hour=3, Loss = 7.7229719161987305
Train step=141000, hour=3, Loss = 8.017224311828613
Train step=141100, hour=3, Loss = 8.431622505187988
Train step=141200, hour=3, Loss = 8.461053848266602
Train step=141300, hour=3, Loss = 8.783260345458984
Train step=141400, hour=3, Loss = 8.38467788696289
Train step=141500, hour=3, Loss = 8.601702690124512
Train step=141600, hour=4, Loss = 8.111345291137695
Train step=141700, hour=4, Loss = 9.208141326904297
Train step=141800, hour=4, Loss = 7.4692535400390625
Train step=141900, hour=4, Loss = 7.7297797203063965
Train step=142000, hour=4, Loss = 8.312161445617676
Train step=142100, hour=4, Loss = 7.887014389038086
Train step=142200, hour=4, Loss = 7.984414100646973
Train step=142300, hour=4, Loss = 7.648106575012207
Train step=142400, hour=4, Loss = 8.594581604003906
Train step=142500, hour=4, Loss = 8.227173805236816
Train step=142600, hour=4, Loss = 7.128261089324951
Train step=142700, hour=4, Loss = 8.668048858642578
Train step=142800, hour=4, Loss = 8.424765586853027
Train step=142900, hour=5, Loss = 7.548995494842529
Train step=143000, hour=5, Loss = 9.597551345825195
Train step=143100, hour=5, Loss = 6.166022777557373
Train step=143200, hour=5, Loss = 6.0836076736450195
Train step=143300, hour=5, Loss = 7.94765567779541
Train step=143400, hour=5, Loss = 7.895727157592773
Train step=143500, hour=5, Loss = 7.714150905609131
Train step=143600, hour=5, Loss = 7.573448657989502
Train step=143700, hour=5, Loss = 9.754776000976562
Train step=143800, hour=5, Loss = 0.8473587036132812
Train step=143900, hour=5, Loss = 7.327445030212402
Train step=144000, hour=5, Loss = 8.064834594726562
Train step=144100, hour=5, Loss = 8.03140926361084
Train step=144200, hour=6, Loss = 7.607137203216553
Train step=144300, hour=6, Loss = 8.481084823608398
Train step=144400, hour=6, Loss = 8.249484062194824
Train step=144500, hour=6, Loss = 9.474064826965332
Train step=144600, hour=6, Loss = 9.131467819213867
Train step=144700, hour=6, Loss = 8.457952499389648
Train step=144800, hour=6, Loss = 9.374590873718262
Train step=144900, hour=6, Loss = 8.592836380004883
Train step=145000, hour=6, Loss = 7.578047275543213
Train step=145100, hour=6, Loss = 7.959839820861816
Train step=145200, hour=6, Loss = 6.411362648010254
Train step=145300, hour=6, Loss = 6.65030574798584
Train step=145400, hour=6, Loss = 7.531792640686035
Train step=145500, hour=6, Loss = 7.91856575012207
Train step=145600, hour=6, Loss = 8.828106880187988
Train step=145700, hour=6, Loss = 16.47281265258789
Train step=145800, hour=7, Loss = 4.600856781005859
Train step=145900, hour=7, Loss = 2.4616336822509766
Train step=146000, hour=7, Loss = 5.862863063812256
Train step=146100, hour=7, Loss = 5.788623809814453
Train step=146200, hour=7, Loss = 5.648728370666504
Train step=146300, hour=7, Loss = 4.630180358886719
Train step=146400, hour=7, Loss = -0.17196762561798096
Train step=146500, hour=7, Loss = 5.860986709594727
Train step=146600, hour=7, Loss = 4.486797332763672
Train step=146700, hour=8, Loss = 5.510682106018066
Train step=146800, hour=8, Loss = 6.295524597167969
Train step=146900, hour=8, Loss = 10.294855117797852
Train step=147000, hour=8, Loss = 3.6321749687194824
Train step=147100, hour=8, Loss = 3.3565127849578857
Train step=147200, hour=8, Loss = 4.052297115325928
Train step=147300, hour=8, Loss = 1.240190029144287
Train step=147400, hour=8, Loss = 5.191669464111328
Train step=147500, hour=8, Loss = 4.6661176681518555
Train step=147600, hour=8, Loss = 3.8763492107391357
Train step=147700, hour=8, Loss = 4.238417148590088
Train step=147800, hour=8, Loss = 1.062757968902588
Train step=147900, hour=8, Loss = 2.6363515853881836
Train step=148000, hour=8, Loss = 58.03361129760742
Train step=148100, hour=9, Loss = 5.840387344360352
Train step=148200, hour=9, Loss = 5.764665603637695
Train step=148300, hour=9, Loss = 4.971004486083984
Train step=148400, hour=9, Loss = 4.217632293701172
Train step=148500, hour=9, Loss = 20.48619842529297
Train step=148600, hour=9, Loss = 6.603532791137695
Train step=148700, hour=9, Loss = 3.2368273735046387
Train step=148800, hour=9, Loss = 4.159829139709473
Train step=148900, hour=9, Loss = 5.3519978523254395
Train step=149000, hour=9, Loss = 5.448801040649414
Train step=149100, hour=9, Loss = 5.47551155090332
Train step=149200, hour=9, Loss = 1.9780129194259644
Train step=149300, hour=9, Loss = 6.392732620239258
Train step=149400, hour=9, Loss = 6.700492858886719
Train step=149500, hour=9, Loss = 5.334136486053467
Train step=149600, hour=10, Loss = 5.2491774559021
Train step=149700, hour=10, Loss = 5.434811115264893
Train step=149800, hour=10, Loss = 4.015287399291992
Train step=149900, hour=10, Loss = 4.678852081298828
Train step=150000, hour=10, Loss = 4.513289928436279
Train step=150100, hour=10, Loss = 5.556792736053467
Train step=150200, hour=10, Loss = 1.8698450326919556
Train step=150300, hour=10, Loss = 3.731166124343872
Train step=150400, hour=10, Loss = 3.716481924057007
Train step=150500, hour=10, Loss = 4.564601421356201
Train step=150600, hour=10, Loss = -0.6285274028778076
Train step=150700, hour=10, Loss = 8.58791732788086
Train step=150800, hour=10, Loss = 9.772449493408203
Train step=150900, hour=10, Loss = 7.871939659118652
Train step=151000, hour=11, Loss = 4.528372287750244
Train step=151100, hour=11, Loss = 4.624837875366211
Train step=151200, hour=11, Loss = 3.336002826690674
Train step=151300, hour=11, Loss = 4.189093589782715
Train step=151400, hour=11, Loss = 5.6241936683654785
Train step=151500, hour=11, Loss = 5.656341552734375
Train step=151600, hour=11, Loss = 3.117342233657837
Train step=151700, hour=11, Loss = 2.161599636077881
Train step=151800, hour=11, Loss = 4.561232089996338
Train step=151900, hour=11, Loss = 3.4173331260681152
Train step=152000, hour=11, Loss = 0.71621173620224
Train step=152100, hour=11, Loss = 0.6889183521270752
Train step=152200, hour=11, Loss = 4.754271507263184
Train step=152300, hour=12, Loss = 1.9256070852279663
Train step=152400, hour=12, Loss = 5.326104640960693
Train step=152500, hour=12, Loss = 1.4392173290252686
Train step=152600, hour=12, Loss = 2.494676351547241
Train step=152700, hour=12, Loss = 0.7875351309776306
Train step=152800, hour=12, Loss = 4.846949100494385
Train step=152900, hour=12, Loss = 4.651289939880371
Train step=153000, hour=12, Loss = 3.5458953380584717
Train step=153100, hour=12, Loss = 3.0337562561035156
Train step=153200, hour=12, Loss = 0.516211986541748
Train step=153300, hour=12, Loss = 3.8440566062927246
Train step=153400, hour=12, Loss = 0.024805188179016113
Train step=153500, hour=12, Loss = 3.3745503425598145
Train step=153600, hour=12, Loss = 4.944597244262695
Train step=153700, hour=13, Loss = 4.71815824508667
Train step=153800, hour=13, Loss = -1.3552989959716797
Train step=153900, hour=13, Loss = 1.836444616317749
Train step=154000, hour=13, Loss = 5.261061668395996
Train step=154100, hour=13, Loss = 5.176454544067383
Train step=154200, hour=13, Loss = 4.966151714324951
Train step=154300, hour=13, Loss = 4.387322425842285
Train step=154400, hour=13, Loss = 6.930395603179932
Train step=154500, hour=13, Loss = 2.6142940521240234
Train step=154600, hour=13, Loss = 0.061151325702667236
Train step=154700, hour=13, Loss = 3.005808115005493
Train step=154800, hour=13, Loss = 4.026392459869385
Train step=154900, hour=13, Loss = 6.415796279907227
Train step=155000, hour=14, Loss = 5.620444297790527
Train step=155100, hour=14, Loss = 5.896346092224121
Train step=155200, hour=14, Loss = 17.116676330566406
Train step=155300, hour=14, Loss = 4.910850524902344
Train step=155400, hour=14, Loss = 4.349085330963135
Train step=155500, hour=14, Loss = 4.992375373840332
Train step=155600, hour=14, Loss = 2.707210063934326
Train step=155700, hour=14, Loss = 3.521605968475342
Train step=155800, hour=14, Loss = 5.6726531982421875
Train step=155900, hour=14, Loss = 3.828911066055298
Train step=156000, hour=14, Loss = 4.703786849975586
Train step=156100, hour=14, Loss = 4.650445938110352
Train step=156200, hour=14, Loss = 16.98062515258789
Train step=156300, hour=15, Loss = 3.9080941677093506
Train step=156400, hour=15, Loss = 3.839726209640503
Train step=156500, hour=15, Loss = 5.161074638366699
Train step=156600, hour=15, Loss = 4.665990829467773
Train step=156700, hour=15, Loss = 1.6311612129211426
Train step=156800, hour=15, Loss = 7.54762077331543
Train step=156900, hour=15, Loss = 6.916548728942871
Train step=157000, hour=15, Loss = 3.039741277694702
Train step=157100, hour=15, Loss = 4.074450492858887
Train step=157200, hour=15, Loss = 7.364800453186035
Train step=157300, hour=15, Loss = 6.800051689147949
Train step=157400, hour=15, Loss = 5.559447288513184
Train step=157500, hour=15, Loss = 2.44765567779541
Train step=157600, hour=15, Loss = 5.166031360626221
Train step=157700, hour=16, Loss = 3.0708837509155273
Train step=157800, hour=16, Loss = 4.697356224060059
Train step=157900, hour=16, Loss = 3.5181384086608887
Train step=158000, hour=16, Loss = 3.9877567291259766
Train step=158100, hour=16, Loss = 4.664284706115723
Train step=158200, hour=16, Loss = 3.8289995193481445
Train step=158300, hour=16, Loss = 2.9888129234313965
Train step=158400, hour=16, Loss = 3.5220212936401367
Train step=158500, hour=16, Loss = 4.885663032531738
Train step=158600, hour=16, Loss = 2.733052968978882
Train step=158700, hour=16, Loss = 6.65102481842041
Train step=158800, hour=16, Loss = 5.372498989105225
Train step=158900, hour=16, Loss = 4.98328971862793
Train step=159000, hour=16, Loss = 5.204129219055176
Train step=159100, hour=16, Loss = 4.993340969085693
Train step=159200, hour=17, Loss = 6.473978042602539
Train step=159300, hour=17, Loss = 6.767639636993408
Train step=159400, hour=17, Loss = 5.529135704040527
Train step=159500, hour=17, Loss = 6.545741081237793
Train step=159600, hour=17, Loss = 6.055764198303223
Train step=159700, hour=17, Loss = 4.671632289886475
Train step=159800, hour=17, Loss = 5.113572120666504
Train step=159900, hour=17, Loss = 7.098046779632568
Train step=160000, hour=17, Loss = 4.760606288909912
Train step=160100, hour=17, Loss = 4.569304943084717
Train step=160200, hour=17, Loss = 6.226729869842529
Train step=160300, hour=17, Loss = 5.706292152404785
Train step=160400, hour=17, Loss = 4.429864883422852
Train step=160500, hour=17, Loss = 8.185332298278809
Train step=160600, hour=17, Loss = 4.935527801513672
Train step=160700, hour=17, Loss = 5.670755386352539
Train step=160800, hour=17, Loss = 5.794155597686768
Train step=160900, hour=17, Loss = 45.96537780761719
Train step=161000, hour=18, Loss = 5.747869491577148
Train step=161100, hour=18, Loss = 6.6192097663879395
Train step=161200, hour=18, Loss = 6.468716621398926
Train step=161300, hour=18, Loss = 6.2677226066589355
Train step=161400, hour=18, Loss = 7.420011043548584
Train step=161500, hour=18, Loss = 5.553641319274902
Train step=161600, hour=18, Loss = 4.602828025817871
Train step=161700, hour=18, Loss = 5.561503887176514
Train step=161800, hour=18, Loss = 4.772833824157715
Train step=161900, hour=18, Loss = 4.029842376708984
Train step=162000, hour=18, Loss = 6.109090805053711
Train step=162100, hour=18, Loss = 5.5291361808776855
Train step=162200, hour=18, Loss = 2.9713053703308105
Train step=162300, hour=18, Loss = 3.698591709136963
Train step=162400, hour=19, Loss = 2.191814661026001
Train step=162500, hour=19, Loss = 8.105958938598633
Train step=162600, hour=19, Loss = 7.5407304763793945
Train step=162700, hour=19, Loss = 4.756318092346191
Train step=162800, hour=19, Loss = 5.572605133056641
Train step=162900, hour=19, Loss = 5.523489952087402
Train step=163000, hour=19, Loss = 5.338592529296875
Train step=163100, hour=19, Loss = 6.7743120193481445
Train step=163200, hour=19, Loss = 4.557561874389648
Train step=163300, hour=19, Loss = 2.718986749649048
Train step=163400, hour=19, Loss = 2.9372057914733887
Train step=163500, hour=19, Loss = 7.485330581665039
Train step=163600, hour=19, Loss = 5.3753557205200195
Train step=163700, hour=19, Loss = 5.458283424377441
Train step=163800, hour=19, Loss = 5.549566268920898
Train step=163900, hour=19, Loss = 4.3071393966674805
Train step=164000, hour=20, Loss = 5.50727653503418
Train step=164100, hour=20, Loss = 7.165816307067871
Train step=164200, hour=20, Loss = 5.032503604888916
Train step=164300, hour=20, Loss = 7.295084476470947
Train step=164400, hour=20, Loss = 7.86171817779541
Train step=164500, hour=20, Loss = 4.692117214202881
Train step=164600, hour=20, Loss = 5.7645769119262695
Train step=164700, hour=20, Loss = 5.022039413452148
Train step=164800, hour=20, Loss = 4.7759833335876465
Train step=164900, hour=20, Loss = 6.838542938232422
Train step=165000, hour=20, Loss = 6.283581256866455
Train step=165100, hour=20, Loss = 5.422176837921143
Train step=165200, hour=20, Loss = 5.927568435668945
Train step=165300, hour=20, Loss = 8.030942916870117
Train step=165400, hour=20, Loss = 8.474563598632812
Train step=165500, hour=20, Loss = 5.270226001739502
Train step=165600, hour=21, Loss = 9.142982482910156
Train step=165700, hour=21, Loss = 7.59140682220459
Train step=165800, hour=21, Loss = 4.607005596160889
Train step=165900, hour=21, Loss = 6.483867168426514
Train step=166000, hour=21, Loss = 5.665580749511719
Train step=166100, hour=21, Loss = 5.958832740783691
Train step=166200, hour=21, Loss = 4.206174850463867
Train step=166300, hour=21, Loss = 3.6397340297698975
Train step=166400, hour=21, Loss = 6.811081409454346
Train step=166500, hour=21, Loss = 7.72929573059082
Train step=166600, hour=21, Loss = 2.2262473106384277
Train step=166700, hour=21, Loss = 6.579025745391846
Train step=166800, hour=21, Loss = 3.6852457523345947
Train step=166900, hour=21, Loss = 7.683372497558594
Train step=167000, hour=21, Loss = 7.294020652770996
Train step=167100, hour=22, Loss = 4.116471290588379
Train step=167200, hour=22, Loss = 5.034055233001709
Train step=167300, hour=22, Loss = 4.904246807098389
Train step=167400, hour=22, Loss = 7.544373512268066
Train step=167500, hour=22, Loss = 7.360226154327393
Train step=167600, hour=22, Loss = 3.6838722229003906
Train step=167700, hour=22, Loss = 6.085051536560059
Train step=167800, hour=22, Loss = 11.229288101196289
Train step=167900, hour=22, Loss = 6.199883460998535
Train step=168000, hour=22, Loss = 4.799216270446777
Train step=168100, hour=22, Loss = 7.427426815032959
Train step=168200, hour=22, Loss = 4.90084171295166
Train step=168300, hour=22, Loss = 3.338078022003174
Train step=168400, hour=22, Loss = 5.099575519561768
Train step=168500, hour=22, Loss = 11.568687438964844
Train step=168600, hour=22, Loss = 7.074276924133301
Train step=168700, hour=23, Loss = 8.433562278747559
Train step=168800, hour=23, Loss = 8.911182403564453
Train step=168900, hour=23, Loss = 6.9944047927856445
Train step=169000, hour=23, Loss = 8.672306060791016
Train step=169100, hour=23, Loss = 7.6849141120910645
Train step=169200, hour=23, Loss = 5.696524620056152
Train step=169300, hour=23, Loss = 7.392754554748535
Train step=169400, hour=23, Loss = 8.134254455566406
Train step=169500, hour=23, Loss = 7.0297346115112305
Train step=169600, hour=23, Loss = 7.278140068054199
